<?xml version="1.0"?>
<!DOCTYPE hibernate-mapping PUBLIC "-//Hibernate/Hibernate Mapping DTD 3.0//EN"
"http://hibernate.sourceforge.net/hibernate-mapping-3.0.dtd">
<!-- Generated Sep 20, 2016 3:00:10 PM by Hibernate Tools 3.4.0.CR1 -->
<hibernate-mapping>
    <class name="com.zycus.model.MappedProblems" table="MAPPEDPROBLEMS">
    	<composite-id>
    		<key-many-to-one name="problem" class="com.zycus.model.Problem">
    			<column name="PROBLEM_ID"/>
    		</key-many-to-one>
    		
    		<key-many-to-one name="problemSet" class="com.zycus.model.ProblemSet">
    			<column name="PROBLEM_SET_ID"/>
    		</key-many-to-one>
    	</composite-id>
        
    </class>
</hibernate-mapping>
