<?xml version="1.0"?>
<!DOCTYPE hibernate-mapping PUBLIC "-//Hibernate/Hibernate Mapping DTD 3.0//EN"
"http://hibernate.sourceforge.net/hibernate-mapping-3.0.dtd">
<!-- Generated Aug 18, 2016 11:34:06 AM by Hibernate Tools 3.4.0.CR1 -->
<hibernate-mapping>
    <class name="com.sayali.model.Book" table="BOOK">
        <id name="book_id" type="java.lang.Integer">
            <column name="BOOK_ID" />
            <generator class="increment" />
        </id>
        <property name="book_name" type="java.lang.String">
            <column name="BOOK_NAME" />
        </property>
        <property name="book_author" type="java.lang.String">
            <column name="BOOK_AUTHOR" />
        </property>
        <property name="status" type="char">
            <column name="STATUS" />
        </property>
    </class>
</hibernate-mapping>
