<?xml version="1.0"?>
<!DOCTYPE hibernate-mapping PUBLIC "-//Hibernate/Hibernate Mapping DTD 3.0//EN"
"http://hibernate.sourceforge.net/hibernate-mapping-3.0.dtd">
<!-- Generated Aug 18, 2016 3:46:38 PM by Hibernate Tools 3.4.0.CR1 -->
<hibernate-mapping>
    <class name="com.sayali.model.Issue" table="ISSUE">
        <id name="issue_id" type="java.lang.Integer">
            <column name="ISSUE_ID" />
            <generator class="increment" />
        </id>
        <many-to-one name="member_id" class="com.sayali.model.Member" fetch="join">
            <column name="MEMBER_ID" />
        </many-to-one>
        <many-to-one name="book_id" class="com.sayali.model.Book" fetch="join">
            <column name="BOOK_ID" />
        </many-to-one>
        <property name="dateOfIssue" type="java.util.Date">
            <column name="DATEOFISSUE" />
        </property>
        <property name="dateOfReturn" type="java.util.Date">
            <column name="DATEOFRETURN" />
        </property>
    </class>
</hibernate-mapping>
