<?xml version="1.0"?>
<!DOCTYPE hibernate-mapping PUBLIC "-//Hibernate/Hibernate Mapping DTD 3.0//EN"
"http://hibernate.sourceforge.net/hibernate-mapping-3.0.dtd">
<!-- Generated Aug 18, 2016 11:34:54 AM by Hibernate Tools 3.4.0.CR1 -->
<hibernate-mapping>
    <class name="com.sayali.model.Member" table="MEMBER">
        <id name="member_id" type="java.lang.Integer">
            <column name="MEMBER_ID" />
            <generator class="increment" />
        </id>
        <property name="member_name" type="java.lang.String">
            <column name="MEMBER_NAME" />
        </property>
        <property name="mobileNo" type="java.lang.Integer">
            <column name="MOBILENO" />
        </property>
      <!--   <property name="noOfBooks" type="java.lang.Integer">
            <column name="NOOFBOOKS" />
        </property> -->
    </class>
</hibernate-mapping>
