<?xml version="1.0" encoding="UTF-8"?>

<beans xmlns="http://www.springframework.org/schema/beans"
	xmlns:xsi="http://www.w3.org/2001/XMLSchema-instance" xmlns:context="http://www.springframework.org/schema/context"
	xsi:schemaLocation="http://www.springframework.org/schema/beans http://www.springframework.org/schema/beans/spring-beans.xsd
		http://www.springframework.org/schema/context http://www.springframework.org/schema/context/spring-context-3.2.xsd">
	<context:component-scan base-package="com.sayali" />
	
	<bean id="memberservice" class="com.sayali.service.MemberService">
		<property name="memberdao" ref="memberdao" />
	</bean>
	
	<bean id="memberdao" class="com.sayali.dao.MemberDAOImpl">
		<property name="template" ref="template" />
	</bean>
	
	<bean id="bookservice" class="com.sayali.service.BookService">
		<property name="bookdao" ref="bookdao" />
	</bean>
	
	<bean id="bookdao" class="com.sayali.dao.BookDAOImpl">
		<property name="template" ref="template" />
	</bean>
	
	<bean id="issueservice" class="com.sayali.service.IssueService">
		<property name="issuedao" ref="issuedao" />
	</bean>
	
	<bean id="issuedao" class="com.sayali.dao.IssueDAOImpl">
		<property name="template" ref="template" />
	</bean>
	
	<bean id="sessionFactory"
		class="org.springframework.orm.hibernate3.LocalSessionFactoryBean">
		<property name="dataSource" ref="dataSource" />
		<property name="configLocation" value="classpath:/hibernate.cfg.xml" />
	</bean>
	
	<bean id="dataSource"
		class="org.springframework.jdbc.datasource.DriverManagerDataSource">
			<property name="driverClassName" value="com.mysql.jdbc.Driver"/>
			<property name="url" value="jdbc:mysql://localhost:3306/booklibrary"/>
			<property name="username" value="root"/>
	</bean>
	
	<bean id="template" class="org.springframework.orm.hibernate3.HibernateTemplate">
		<property name="sessionFactory" ref="sessionFactory" />
	</bean>
	
</beans>
