<?xml version="1.0" encoding="UTF-8"?>
<beans xmlns="http://www.springframework.org/schema/beans"
	xmlns:xsi="http://www.w3.org/2001/XMLSchema-instance"
	xmlns:context="http://www.springframework.org/schema/context"
	xsi:schemaLocation="http://www.springframework.org/schema/beans http://www.springframework.org/schema/beans/spring-beans-3.2.xsd
		http://www.springframework.org/schema/context http://www.springframework.org/schema/context/spring-context-3.2.xsd">

	
<!-- <bean
		class="org.springframework.web.servlet.mvc.support.ControllerClassNameHandlerMapping" />  -->

	<!-- <bean class="com.sayali.controller.LibraryController">
		<property name="memberservice" ref="memberservice" />
	</bean> -->
	
	<bean name="/library.htm" class="com.sayali.controller.LibraryController">
		<property name="memberservice" ref="memberservice" />
		<property name="bookservice" ref="bookservice"/>
		<property name="issueservice" ref="issueservice"/>
		<property name="methodNameResolver" ref="parameterMethodNameResolver"/>
	</bean>
  
   <bean name="parameterMethodNameResolver"
      class="org.springframework.web.servlet.mvc.multiaction.ParameterMethodNameResolver">
		<property name="paramName" value="library"/>
   </bean>
   
   <bean id="resolver" 
		class="org.springframework.web.servlet.view.InternalResourceViewResolver">
		<property name="viewClass" value="org.springframework.web.servlet.view.JstlView" />
		<property name="prefix" value="/WEB-INF/views/" />
		<property name="suffix" value=".jsp" />	
	</bean>

</beans>
