<?xml version='1.0' encoding='UTF-8'?>
<!DOCTYPE hibernate-configuration PUBLIC "-//Hibernate/Hibernate Configuration DTD 3.0//EN"
        "http://hibernate.sourceforge.net/hibernate-configuration-3.0.dtd">

<hibernate-configuration>
	<session-factory>

		<property name="hbm2ddl.auto">update</property>
		<property name="dialect">org.hibernate.dialect.DerbyTenSevenDialect</property>
		<property name="connection.driver_class">org.apache.derby.jdbc.ClientDriver</property>
		<property name="connection.url">jdbc:derby://localhost:1527/AutomationDB;create=true</property>
		<property name="connection.username">Automation</property>
		<property name="connection.password">Automation</property>
		<property name="hibernate.connection.pool_size">100</property>
		<property name="show_sql">true</property>


		<!-- Mapping -->
		<mapping class="com.jenkins.reporter.FinalReport" />
		<mapping class="com.jenkins.reporter.build_deploy_details" />
		<mapping class="com.jenkins.reporter.build_test_details" />
		<mapping class="com.jenkins.reporter.jenkins_build_details" />
		<mapping class="com.jenkins.reporter.build_run_details" />

	</session-factory>
</hibernate-configuration>