<?xml version="1.0" encoding="UTF-8"?>
<!DOCTYPE hibernate-mapping PUBLIC 
    "-//Hibernate/Hibernate Mapping DTD 3.0//EN"
    "http://www.hibernate.org/dtd/hibernate-mapping-3.0.dtd">
<hibernate-mapping>
	<class name="com.rish.models.Contact" table="contacts">
		<!-- Define primary key column -->
		<id column="id" name="contactId" type="short"></id>
		<property name="firstName" column="fname" type="string"></property>
		<property name="lastname" column="lname" type="string"></property>
		<!-- when field name and column name are exactly same, column attribute 
			should be skipped -->
		<property name="phone" type="string"></property>
	</class>
</hibernate-mapping>