<?xml version="1.0" encoding="UTF-8"?>
<!DOCTYPE hibernate-configuration PUBLIC
	"-//Hibernate/Hibernate Configuration DTD 3.0//EN"
	"http://www.hibernate.org/dtd/hibernate-configuration-3.0.dtd">

<hibernate-configuration>
	<session-factory>
		<property name="hibernate.dialect">org.hibernate.dialect.MySQL5Dialect</property>
		<property name="hibernate.connection.driver_class">com.mysql.jdbc.Driver</property>
		<property name="hibernate.connection.url">jdbc:mysql://localhost:3306/library</property>
		<property name="hibernate.connection.username">root</property>
		<property name="hibernate.show_sql">true</property>
		<!-- <property name="hibernate.hbm2ddl.auto">create-drop</property> -->
		<!-- After ALL properties set, add mappings -->
		<mapping class="com.rish.models.Book" />
	</session-factory>
</hibernate-configuration>