<?xml version="1.0" encoding="UTF-8"?>
<!DOCTYPE hibernate-mapping PUBLIC 
    "-//Hibernate/Hibernate Mapping DTD 3.0//EN"
    "http://www.hibernate.org/dtd/hibernate-mapping-3.0.dtd">
<hibernate-mapping>
	<class name="com.mahendra.models.Contact" table="contact">
	<!-- name : name of private field in class -->
	<!-- column: name of column in table -->
		<id column="contactid" name="contactId" type="int" >
			<generator class="sequence">
				<param name="sequence">seq_contact</param>
			</generator>
		</id>
		<property name="name" column="cname" type="string"/>	
	</class>
</hibernate-mapping>