<?xml version="1.0"?>
<!DOCTYPE hibernate-mapping PUBLIC "-//Hibernate/Hibernate Mapping DTD 3.0//EN"
"http://hibernate.sourceforge.net/hibernate-mapping-3.0.dtd">
<!-- Generated Sep 22, 2016 6:53:04 PM by Hibernate Tools 3.4.0.CR1 -->
<hibernate-mapping>
	<class name="model.Employee" table="EMPLOYEE">
		<id name="id" type="int">
			<column name="ID" />
			<generator class="assigned" />
		</id>
		<property name="firstName" type="java.lang.String">
			<column name="FIRSTNAME" />
		</property>
		<property name="lastName" type="java.lang.String">
			<column name="LASTNAME" />
		</property>
		<property name="salary" type="int">
			<column name="SALARY" />
		</property>
	</class>
</hibernate-mapping>
