<?xml version="1.0"?>
<!DOCTYPE hibernate-mapping PUBLIC "-//Hibernate/Hibernate Mapping DTD 3.0//EN"
"http://hibernate.sourceforge.net/hibernate-mapping-3.0.dtd">
<!-- Generated Oct 10, 2016 4:41:19 PM by Hibernate Tools 3.4.0.CR1 -->
<hibernate-mapping>
    <class name="Group" table="GROUP">
        <id name="id" type="long" access="field">
            <column name="ID" />
            <generator class="assigned" />
        </id>
        <property name="name" type="java.lang.String" access="field">
            <column name="NAME" />
        </property>
        <set name="users" table="USER" inverse="false" lazy="true" access="field">
            <key>
                <column name="ID" />
            </key>
            <one-to-many class="User" />
        </set>
    </class>
</hibernate-mapping>
