<?xml version="1.0"?>
<!DOCTYPE hibernate-mapping PUBLIC "-//Hibernate/Hibernate Mapping DTD 3.0//EN"
"http://hibernate.sourceforge.net/hibernate-mapping-3.0.dtd">
<!-- Generated Oct 10, 2016 4:41:19 PM by Hibernate Tools 3.4.0.CR1 -->
<hibernate-mapping>
    <class name="User" table="USER">
        <id name="id" type="long" access="field">
            <column name="ID" />
            <generator class="assigned" />
        </id>
        <property name="username" type="java.lang.String" access="field">
            <column name="USERNAME" />
        </property>
        <property name="password" type="java.lang.String" access="field">
            <column name="PASSWORD" />
        </property>
        <property name="email" type="java.lang.String" access="field">
            <column name="EMAIL" />
        </property>
        <set name="groups" table="GROUP" inverse="false" lazy="true" access="field">
            <key>
                <column name="ID" />
            </key>
            <one-to-many class="Group" />
        </set>
    </class>
</hibernate-mapping>
