<?xml version="1.0"?>
<!DOCTYPE hibernate-mapping PUBLIC "-//Hibernate/Hibernate Mapping DTD 3.0//EN"
"http://hibernate.sourceforge.net/hibernate-mapping-3.0.dtd">
<!-- Generated Sep 14, 2016 6:22:15 PM by Hibernate Tools 3.4.0.CR1 -->
<hibernate-mapping>
    <class name="com.tushar.models.Column" table="COLUMNS">
        <id name="columnId" type="java.lang.Integer" access="field">
            <column name="COLUMNID" />
            <generator class="increment" />
        </id>
        <property name="columnNumber" type="java.lang.Integer">
            <column name="COLUMNNUMBER" />
        </property>
        <property name="statusOfColumn" type="java.lang.String">
            <column name="STATUSOFCOLUMN" />
        </property>
        <many-to-one name="row" class="com.tushar.models.Row" fetch="join" lazy="false">
            <column name="ROW" />
        </many-to-one>
        <many-to-one name="shows" class="com.tushar.models.Shows" fetch="join" lazy="false">
            <column name="SHOWS" />
        </many-to-one>
    </class>
</hibernate-mapping>
