<?xml version="1.0"?>
<!DOCTYPE hibernate-mapping PUBLIC "-//Hibernate/Hibernate Mapping DTD 3.0//EN"
"http://hibernate.sourceforge.net/hibernate-mapping-3.0.dtd">
<!-- Generated Sep 13, 2016 4:12:42 PM by Hibernate Tools 3.4.0.CR1 -->
<hibernate-mapping>
    <class name="com.tushar.models.Customer" table="CUSTOMER">
        <id name="customerId" type="java.lang.Integer" access="field">
            <column name="CUSTOMERID" />
            <generator class="increment" />
        </id>
        <property name="customerName" type="java.lang.String">
            <column name="CUSTOMERNAME" />
        </property>
        <property name="customerEmail" type="java.lang.String">
            <column name="CUSTOMEREMAIL" />
        </property>
        <property name="customerPhone" type="long">
            <column name="CUSTOMERPHONE" />
        </property>
        <property name="customerType" type="java.lang.String">
            <column name="CUSTOMERTYPE" />
        </property>
        <property name="password" type="java.lang.String">
            <column name="PASSWORD" />
        </property>
    </class>
</hibernate-mapping>
