<?xml version="1.0" encoding="UTF-8"?>
<!DOCTYPE hibernate-configuration PUBLIC
		"-//Hibernate/Hibernate Configuration DTD 3.0//EN"
		"http://hibernate.sourceforge.net/hibernate-configuration-3.0.dtd">
<hibernate-configuration>
    <session-factory>
        <property name="connection.datasource">org.springframework.jdbc.datasource.DriverManagerDataSource</property>
        <property name="hibernate.connection.driver_class">com.mysql.jdbc.Driver</property>
        <property name="hibernate.connection.password">root</property>
        <property name="hibernate.connection.url">jdbc:mysql://localhost:3306/ticketbooking</property>
        <property name="hibernate.connection.username">root</property>
        <property name="hibernate.dialect">org.hibernate.dialect.MySQLDialect</property>
        <property name="hibernate.hbm2ddl.auto">update</property>
  
        
		<mapping resource="Theatre.hbm.xml"/>
		<mapping resource="Movie.hbm.xml"/>
		<mapping resource="Seats.hbm.xml"/>
		<mapping resource="Shows.hbm.xml"/>
		<mapping resource="Row.hbm.xml"/>
		<mapping resource="Column.hbm.xml"/>
		<mapping resource="Customer.hbm.xml"/>
		<mapping resource="Ticket.hbm.xml"/>
		<mapping resource="Multiplex.hbm.xml"/>
		
    </session-factory>
</hibernate-configuration>
