<?xml version="1.0"?>
<!DOCTYPE hibernate-mapping PUBLIC "-//Hibernate/Hibernate Mapping DTD 3.0//EN"
"http://hibernate.sourceforge.net/hibernate-mapping-3.0.dtd">
<!-- Generated Sep 14, 2016 6:22:15 PM by Hibernate Tools 3.4.0.CR1 -->
<hibernate-mapping>
    <class name="com.tushar.models.Row" table="ROW">
        <id name="RowId" type="java.lang.Integer" access="field">
            <column name="ROWID" />
            <generator class="increment" />
        </id>
        <property name="nameOfRow" type="java.lang.String">
            <column name="NAMEOFROW" />
        </property>
        <property name="typeOfRow" type="java.lang.String">
            <column name="TYPEOFROW" />
        </property>
        <property name="numberOfColumns" type="java.lang.Integer">
            <column name="NUMBEROFCOLUMNS" />
        </property>
        <many-to-one name="seats" class="com.tushar.models.Seats" fetch="join" lazy="false">
            <column name="SEATS" />
        </many-to-one>
        <list name="columns" inverse="false" table="COLUMN" lazy="true">
            <key>
                <column name="ROWID" />
            </key>
            <list-index></list-index>
            <one-to-many class="com.tushar.models.Column" />
        </list>
    </class>
</hibernate-mapping>
