<?xml version="1.0"?>
<!DOCTYPE hibernate-mapping PUBLIC "-//Hibernate/Hibernate Mapping DTD 3.0//EN"
"http://hibernate.sourceforge.net/hibernate-mapping-3.0.dtd">
<!-- Generated Sep 14, 2016 6:22:15 PM by Hibernate Tools 3.4.0.CR1 -->
<hibernate-mapping>
    <class name="com.tushar.models.Shows" table="SHOWS">
        <id name="showId" type="java.lang.Integer">
            <column name="SHOWID" />
            <generator class="increment" />
        </id>
        <property name="startTime" type="java.lang.String">
            <column name="STARTTIME" />
        </property>
        <property name="endTime" type="java.lang.String">
            <column name="ENDTIME" />
        </property>
        <many-to-one name="movie" class="com.tushar.models.Movie" fetch="join" lazy="false">
            <column name="MOVIE" />
        </many-to-one>
        <many-to-one name="seats" class="com.tushar.models.Seats" fetch="join" lazy="false">
            <column name="SEATS" />
        </many-to-one>
        <property name="costOfGold" type="java.lang.Double">
            <column name="COSTOFGOLD" />
        </property>
        <property name="costOfPlatinum" type="java.lang.Double">
            <column name="COSTOFPLATINUM" />
        </property>
        <property name="costOfSilver" type="java.lang.Double">
            <column name="COSTOFSILVER" />
        </property>
    </class>
</hibernate-mapping>
