<?xml version="1.0"?>
<!DOCTYPE hibernate-mapping PUBLIC "-//Hibernate/Hibernate Mapping DTD 3.0//EN"
"http://hibernate.sourceforge.net/hibernate-mapping-3.0.dtd">
<!-- Generated Sep 14, 2016 6:22:15 PM by Hibernate Tools 3.4.0.CR1 -->
<hibernate-mapping>
    <class name="com.tushar.models.Theatre" table="THEATRE">
        <id name="theatreID" type="java.lang.Integer">
            <column name="THEATREID" />
            <generator class="increment" />
        </id>
        <property name="theatreName" type="java.lang.String">
            <column name="THEATRENAME" />
        </property>
        <many-to-one name="multiplex" class="com.tushar.models.Multiplex" fetch="join" lazy="false">
            <column name="MULTIPLEX" />
        </many-to-one>
    </class>
</hibernate-mapping>
