<?xml version="1.0" encoding="UTF-8"?>
<!DOCTYPE hibernate-configuration PUBLIC
	"-//Hibernate/Hibernate Configuration DTD 3.0//EN"
	"http://www.hibernate.org/dtd/hibernate-configuration-3.0.dtd">

<hibernate-configuration>
	<session-factory>
	<property name="connection.driver_class">oracle.jdbc.OracleDriver</property>
	<property name="connection.username">PDT_TRAINING</property>
	<property name="connection.password">PDT_TRAINING#123</property>
	<property name="connection.url">jdbc:oracle:thin:@192.168.1.187:1521:orcl187</property>
	<property name="hibernate.c3p0.min_size">5</property>
	<property name="hibernate.c3p0.max_size">10</property>
	<property name="hibernate.c3p0.timeout">5000</property>
	<property name="hibernate.c3p0.max_statements">50</property>
	<property name="hibernate.dialect">org.hibernate.dialect.Oracle10gDialect</property>
	<property name="hibernate.show_sql">true</property>
	<!-- After ALL properties set, add mappings  -->
	<mapping resource="emp.hbm.xml"/>
	</session-factory>
</hibernate-configuration>