<?xml version="1.0"?>
<!DOCTYPE hibernate-mapping PUBLIC "-//Hibernate/Hibernate Mapping DTD 3.0//EN"
"http://hibernate.sourceforge.net/hibernate-mapping-3.0.dtd">
<!-- Generated Jun 30, 2017 3:24:43 PM by Hibernate Tools 3.5.0.Final -->
<hibernate-mapping>
    <class name="com.rish.models.ItemMaster" table="ITEMMASTER">
        <id name="itemID" type="java.lang.String">
            <column name="ITEMID" />
            <generator class="assigned" />
        </id>
        <property name="catagory" type="java.lang.String">
            <column name="CATAGORY" />
        </property>
        <property name="itemName" type="java.lang.String">
            <column name="ITEMNAME" />
        </property>
        <property name="description" type="java.lang.String">
            <column name="DESCRIPTION" />
        </property>
        <property name="price" type="java.lang.Integer">
            <column name="PRICE" />
        </property>
        <property name="quantity" type="java.lang.Integer">
            <column name="QUANTITY" />
        </property>
    </class>
</hibernate-mapping>
