<?xml version="1.0"?>
<!DOCTYPE hibernate-mapping PUBLIC "-//Hibernate/Hibernate Mapping DTD 3.0//EN"
"http://hibernate.sourceforge.net/hibernate-mapping-3.0.dtd">
<!-- Generated Jun 30, 2017 3:33:30 PM by Hibernate Tools 3.5.0.Final -->
<hibernate-mapping>
    <class name="com.rish.models.OrderMaster" table="ORDERMASTER">
        <id name="orderId" type="java.lang.String">
            <column name="ORDERID" />
            <generator class="assigned" />
        </id>
        <property name="orderName" type="java.lang.String">
            <column name="ORDERNAME" />
        </property>
        <property name="itemName" type="java.lang.String">
            <column name="ITEMNAME" />
        </property>
        <property name="quantity" type="java.lang.Integer">
            <column name="QUANTITY" />
        </property>
    </class>
</hibernate-mapping>
