<?xml version="1.0"?>
<!DOCTYPE hibernate-mapping PUBLIC
	"-//Hibernate/Hibernate Mapping DTD 3.0//EN"
	"http://www.hibernate.org/dtd/hibernate-mapping-3.0.dtd">
<hibernate-mapping package="pojos">
	<class name="Department" table="HRIMS_Department">
		<!-- PrimaryKey -->
		<id name="departmentId" column="department_id">
			<generator class="increment"/>
		</id>
		
		<!-- Other Columns -->
		<property name="departmentName" />
		
		<!-- Associations -->
		<many-to-one name="headOfDepartment" unique="false"></many-to-one>
		<many-to-one name="pointOfContact" unique="false"></many-to-one>
		<bag name="designations">
			<key column="department" ></key>
			<one-to-many class="Designation"/>
		</bag>
	</class>
</hibernate-mapping>