<?xml version="1.0"?>
<!DOCTYPE hibernate-mapping PUBLIC
	"-//Hibernate/Hibernate Mapping DTD 3.0//EN"
	"http://www.hibernate.org/dtd/hibernate-mapping-3.0.dtd">
<hibernate-mapping package="pojos">
	<class name="Designation" table="HRIMS_Designation">
		<!-- PrimaryKey -->
		<id name="designationId" column="designation_id">
			<generator class="increment"/>
		</id>
		<!-- Other Columns -->
		<property name="designationType" />
		
		<!-- Associations -->
		<many-to-one name="department" lazy="no-proxy"></many-to-one>
		
        <bag name="users" table="HRIMS_Designation_User" lazy="false" cascade="save-update">
			<key column="designation_id" unique="false"/>
			<many-to-many column="user_id" class="User" unique="false"/>
		</bag>
	</class>
</hibernate-mapping>