<?xml version="1.0"?>
<!DOCTYPE hibernate-mapping PUBLIC
	"-//Hibernate/Hibernate Mapping DTD 3.0//EN"
	"http://www.hibernate.org/dtd/hibernate-mapping-3.0.dtd">
<hibernate-mapping package="pojos">
	<class name="Event" table="HRIMS_Event">
		<!-- PrimaryKey -->
		<id name="eventId" column="event_id">
			<generator class="increment"/>
		</id>
		<!-- Other Columns -->
		<property name="eventLocation"></property>
		<property name="eventRound"></property>
		<property name="scheduledOn" type="date" ></property>
		<property name="scheduledTill" type="date" />
		<property name="requiredMembers"></property>
		<property name="footFall" not-null="false"></property>
		<property name="requiredDesignations" />
		<property name="description"/>
		
		<!-- Associations -->
		<many-to-one name="department" column="department_id" ></many-to-one>
		
		<bag name="registeredUsers" table="HRIMS_Event_User" lazy="true" cascade="save-update">
			<key column="event_id" unique="false"/>
			<many-to-many column="user_id" class="User" unique="false"/>
		</bag>
		
	</class>
</hibernate-mapping>