<?xml version="1.0"?>
<!DOCTYPE hibernate-mapping PUBLIC
	"-//Hibernate/Hibernate Mapping DTD 3.0//EN"
	"http://www.hibernate.org/dtd/hibernate-mapping-3.0.dtd">
<hibernate-mapping package="pojos">
	<class name="MailDetails" table="HRIMS_MailDetails">
		<!-- PrimaryKey -->
		<id name="mailDetailsId" column="mail_details_id">
			<generator class="increment"/>
		</id>
		<!-- Other Columns -->
		<property name="mailingDate" type="date"></property>
		
		
		<!-- Associations -->
		<many-to-one name="sentBy" column="send_by" ></many-to-one>
		<many-to-one name="event" column="event_id" ></many-to-one>
		<many-to-one name="contactedUser" column="contacted_user_id"></many-to-one>
	</class>
</hibernate-mapping>