<?xml version="1.0"?>
<!DOCTYPE hibernate-mapping PUBLIC
	"-//Hibernate/Hibernate Mapping DTD 3.0//EN"
	"http://www.hibernate.org/dtd/hibernate-mapping-3.0.dtd">
<hibernate-mapping package="pojos">
	<class name="User" table="HRIMS_User">
		<!-- PrimaryKey -->
		<id name="userId" column="user_id">
			<generator class="increment"/>
		</id>
		<!-- Other Columns -->
		<property name="hexCode"/>
		<property name="userName" />
		<property name="email" unique="true" />
		<property name="contactNo" />
		
		<!-- Associations -->
		<many-to-one name="department"></many-to-one>
		<many-to-one name="role"></many-to-one>
		<bag name="events" table="HRIMS_Event_User"  lazy="true"  cascade="save-update" >
            <key>
                <column name="user_id" not-null="true" />
            </key>
            <many-to-many entity-name="pojos.Event">
                <column name="event_id" not-null="true" />
            </many-to-many>
        </bag>
        <bag name="designations" table="HRIMS_Designation_User" lazy="true" cascade="save-update">
			<key column="user_id" unique="false"/>
			<many-to-many column="designation_id" class="Designation" unique="false"/>
		</bag>
	</class>
</hibernate-mapping>