<?xml version="1.0"?>
<!DOCTYPE hibernate-mapping PUBLIC "-//Hibernate/Hibernate Mapping DTD 3.0//EN"
"http://hibernate.sourceforge.net/hibernate-mapping-3.0.dtd">
<!-- Generated Oct 11, 2016 2:29:57 PM by Hibernate Tools 3.4.0.CR1 -->
<hibernate-mapping>
    <class name="com.zycus.movie.model.MovieGenre" table="MOVIEGENRE">
    <composite-id>
        <key-many-to-one name="movie" class="com.zycus.movie.model.Movie" lazy="false">
            <column name="movie_id" />
        </key-many-to-one>
        <key-many-to-one name="genre" class="com.zycus.movie.model.Genre" lazy="false">
            <column name="genre_id" />
        </key-many-to-one>
        </composite-id>
    </class>
</hibernate-mapping>
