<?xml version="1.0" encoding="UTF-8"?>
<!DOCTYPE hibernate-mapping PUBLIC "-//Hibernate/Hibernate Mapping DTD 3.0//EN" "http://hibernate.sourceforge.net/hibernate-mapping-3.0.dtd" >
<hibernate-mapping package="com.rish.models">
	<class table="planets" name="Planet">
		<composite-id name="id" class="PlanetID">
			<key-property name="planetId" column="planet_id"></key-property>
			<key-property name="starId" column="star_id"></key-property>
		</composite-id>
		<property name="planetClass" column="pclass"></property>
	</class>
</hibernate-mapping>