<?xml version="1.0"?>
<!DOCTYPE hibernate-mapping PUBLIC "-//Hibernate/Hibernate Mapping DTD 3.0//EN"
"http://hibernate.sourceforge.net/hibernate-mapping-3.0.dtd">
<!-- Generated Sep 29, 2016 11:57:31 AM by Hibernate Tools 3.4.0.CR1 -->
<hibernate-mapping>
    <class name="com.editor.model.User" table="USER">
        <id name="id" type="int">
            <column name="ID" />
            <generator class="assigned" />
        </id>
        <property name="firstname" type="java.lang.String">
            <column name="FIRSTNAME" />
        </property>
        <property name="lastname" type="java.lang.String">
            <column name="LASTNAME" />
        </property>
    </class>
</hibernate-mapping>
