<?xml version="1.0" encoding="UTF-8"?>
<!DOCTYPE hibernate-configuration PUBLIC
	"-//Hibernate/Hibernate Configuration DTD 3.0//EN"
	"http://www.hibernate.org/dtd/hibernate-configuration-3.0.dtd">

<hibernate-configuration>
	<session-factory>
	<property name="hibernate.dialect">org.hibernate.dialect.H2Dialect</property>
		<property name="hibernate.connection.driver_class">org.h2.Driver</property>
		<property name="hibernate.connection.url">jdbc:h2:~/testDB4</property>
		<property name="hibernate.connection.username">rs</property>
		<property name="hibernate.show_sql">true</property>
		<!-- <property name="hibernate.hbm2ddl.auto">create-drop</property> -->
		<!-- After ALL properties set, add mappings  -->
	<mapping resource="emp.hbm.xml"/>
	</session-factory>
</hibernate-configuration>