<?xml version="1.0" encoding="UTF-8"?>
<!DOCTYPE hibernate-mapping PUBLIC 
    "-//Hibernate/Hibernate Mapping DTD 3.0//EN"
    "http://www.hibernate.org/dtd/hibernate-mapping-3.0.dtd">
<hibernate-mapping>
	<class name="com.rish.models.Person" table="person">
		<id name="personId" column="pid" type="int"></id>
		<property name="firstName" column="fname" type="string"></property>
		<property name="lastName" column="lname" type="string"></property>
		<property name="phone" column="phone" type="string"></property>
	</class>
	<class name="com.rish.models.Customer" table="customers">
		<id name="customerId" column="custid" type="int"></id>
		<property name="customerType" column="ctype" type="string"></property>
		<property name="dues" column="dues" type="double"></property>
		<one-to-one name="personalInfo" cascade="all" class="com.rish.models.Person"></one-to-one>
	</class>
</hibernate-mapping>