<?xml version="1.0" encoding="UTF-8"?>

<beans xmlns="http://www.springframework.org/schema/beans"
	xmlns:context="http://www.springframework.org/schema/context"
	xmlns:xsi="http://www.w3.org/2001/XMLSchema-instance"
	xsi:schemaLocation="http://www.springframework.org/schema/beans http://www.springframework.org/schema/beans/spring-beans-3.0.xsd
		http://www.springframework.org/schema/context http://www.springframework.org/schema/context/spring-context-3.0.xsd">
		
	<context:property-placeholder location="db.properties"/>
	
	<!-- Scan all classes inside base-package and it's child package for
		 either @Component annotation or any other annotation inherited from it.

		 Plus, it add annotation-driven element -->

	<context:component-scan base-package="com.mahendra" />
	
	<bean id="dataSource" 
		class="org.springframework.jdbc.datasource.DriverManagerDataSource">
		<property name="driverClassName" value="${driver}" />
		<property name="url" value="${url}"/>
		<property name="username" value="${username}"/>
		<property name="password" value="${password}"/>
	</bean>
	
	
</beans>
