<?xml version="1.0" encoding="UTF-8"?>
<beans xmlns="http://www.springframework.org/schema/beans"
	xmlns:xsi="http://www.w3.org/2001/XMLSchema-instance"
	xsi:schemaLocation="http://www.springframework.org/schema/beans http://www.springframework.org/schema/beans/spring-beans.xsd"
	default-autowire="byType">

	<bean id="dataSource" class="org.springframework.jdbc.datasource.DriverManagerDataSource">
		<property name="driverClassName" value="org.h2.Driver"/>
		<property name="url" value="jdbc:h2:~/testDB2"/>
		<property name="username" value="sa" />
		<property name="password" value=""/>
	</bean>
	
	<bean id="template" class="org.springframework.jdbc.core.JdbcTemplate"  />
	
	<bean id="dao" class="com.mahendra.dao.ProductDAO" init-method="init"  />
		
	
</beans>
