<?xml version="1.0"?>
<!DOCTYPE hibernate-mapping PUBLIC "-//Hibernate/Hibernate Mapping DTD 3.0//EN"
"http://hibernate.sourceforge.net/hibernate-mapping-3.0.dtd">
<!-- Generated Sep 29, 2016 11:32:45 AM by Hibernate Tools 3.4.0.CR1 -->
<hibernate-mapping>
    <class name="com.editor.model.JavaEditor" table="JAVAEDITOR">
        <id name="codeid" type="int">
            <column name="CODEID" />
            <generator class="native" />
        </id>
        <property name="codeText" type="java.lang.String">
            <column name="CODETEXT" />
        </property>
    </class>
</hibernate-mapping>
