<?xml version="1.0" encoding="UTF-8"?>
<beans xmlns="http://www.springframework.org/schema/beans"
	xmlns:xsi="http://www.w3.org/2001/XMLSchema-instance" xmlns:context="http://www.springframework.org/schema/context"
	xmlns:tx="http://www.springframework.org/schema/tx"
	xsi:schemaLocation="http://www.springframework.org/schema/beans 
http://www.springframework.org/schema/beans/spring-beans.xsd
http://www.springframework.org/schema/context
http://www.springframework.org/schema/context/spring-context.xsd
http://www.springframework.org/schema/tx
http://www.springframework.org/schema/tx/spring-tx.xsd">

	<context:property-placeholder location="classpath:jdbc.properties" />
	<context:component-scan base-package="service"></context:component-scan>
	<context:component-scan base-package="daos"></context:component-scan>

	<bean id="dataSource"
		class="org.springframework.jdbc.datasource.DriverManagerDataSource">
		<property name="driverClassName" value="${DRIVER}" />
		<property name="url" value="${URL}"  />
		<property name="username" value="${USER}" />
		<property name="password" value="${PASSWORD}" />
	</bean>
	
	<bean id="sessionFactory"
		class="org.springframework.orm.hibernate3.annotation.AnnotationSessionFactoryBean">
		<property name="dataSource" ref="dataSource" />
		<property name="hibernateProperties">
			<value>
				hibernate.hbm2ddl.auto=update
				hibernate.show_sql=true
			</value>
		</property>
		<property name="mappingLocations">
			<list>
				
				<value>classpath:hbms/User.hbm.xml</value>
				<value>classpath:hbms/Role.hbm.xml</value>
				<value>classpath:hbms/Event.hbm.xml</value>
				<value>classpath:hbms/MailDetails.hbm.xml</value>
				<value>classpath:hbms/Designation.hbm.xml</value>
				<value>classpath:hbms/Department.hbm.xml</value>
				
			</list>
		</property>
	</bean>
	<bean id="txManager"
		class="org.springframework.orm.hibernate3.HibernateTransactionManager">
		<property name="sessionFactory" ref="sessionFactory" />
	</bean>

	
	<!-- enable the configuration of transactional behavior based on annotations -->
	<tx:annotation-driven transaction-manager="txManager"/>
	
	<!-- this bean is required for managing the transactions giving it the reference to the session factory object -->
	
	<!-- enable the configuration of transactional behavior based on annotations -->
	
</beans>