<?xml version="1.0" encoding="UTF-8"?>
<beans xmlns="http://www.springframework.org/schema/beans"
	xmlns:xsi="http://www.w3.org/2001/XMLSchema-instance" 
	xmlns:context="http://www.springframework.org/schema/context"
	xmlns:mvc="http://www.springframework.org/schema/mvc"
	xsi:schemaLocation="http://www.springframework.org/schema/beans
http://www.springframework.org/schema/beans/spring-beans.xsd
http://www.springframework.org/schema/context
http://www.springframework.org/schema/context/spring-context.xsd
http://www.springframework.org/schema/mvc
http://www.springframework.org/schema/mvc/spring-mvc.xsd" >

	<context:component-scan base-package="controllers"></context:component-scan>
	<bean id="HomeController" class="controllers.HomeController"></bean>
	<bean id="SpocController" class="controllers.SpocController"></bean>
	<bean id="MailController" class="controllers.MailController"></bean>
	<bean id="DesignationController" class="controllers.DesignationController"></bean>
	<bean id="RoleController" class="controllers.RoleController"></bean>
	<bean id="AdminController" class="controllers.AdminController"></bean>
	<bean id="HRController" class="controllers.HRController" />
	<bean id="OtherController" class="controllers.OtherController"></bean>
	<bean id="DepartmentController" class="controllers.DepartmentController" />
	<bean id="viewResolver" class="org.springframework.web.servlet.view.InternalResourceViewResolver">
        <property name="viewClass"><value>org.springframework.web.servlet.view.JstlView</value></property>
        <property name="prefix"><value>/WEB-INF/jsp/</value></property>
        <property name="suffix"><value>.jsp</value></property>
    </bean> 
    
    <bean class="org.springframework.web.servlet.mvc.support.ControllerClassNameHandlerMapping" />
    
	<bean class="org.springframework.web.servlet.handler.SimpleUrlHandlerMapping">
		<property name="alwaysUseFullPath" value="true" />
		<property name="mappings">
		 	<props>		
		 		<prop key="/dept/*.do">DepartmentController</prop> 	
		 		<prop key="/home.do">HomeController</prop> 		
		 		<prop key="/role/*.do">RoleController</prop>
				<prop key="/spoc/*.do">SpocController</prop>
				<prop key="/admin/*.do">AdminController</prop>
				<prop key="/desg/*.do">DesignationController</prop>
		 		<prop key="/mail/*.do">MailController</prop>
		 		<prop key="/hr/*.do">HRController</prop>
		 		<prop key="/other/*.do">OtherController</prop>
		 	</props>
		</property>
	</bean>	
	
	<bean id="messageSource"
		class="org.springframework.context.support.ResourceBundleMessageSource">
		<property name="basename" value="eventMessages"/>
	</bean>

	<bean id="localeResolver"
		class="org.springframework.web.servlet.i18n.CookieLocaleResolver" />

	<mvc:interceptors>
		<mvc:interceptor>
			<mvc:mapping path="/addProduct.do"/>
			<bean class="org.springframework.web.servlet.i18n.LocaleChangeInterceptor" >
				<property name="paramName" value="lang" />
			</bean>	
		</mvc:interceptor>
	</mvc:interceptors>
	
	
	
</beans>