<?xml version="1.0"?>
<!DOCTYPE hibernate-mapping PUBLIC "-//Hibernate/Hibernate Mapping DTD 3.0//EN"
                                   "http://hibernate.sourceforge.net/hibernate-mapping-3.0.dtd">
<!-- Generated Aug 9, 2016 6:06:16 PM by Hibernate Tools 3.4.0.CR1 -->
<hibernate-mapping>
 <class name="com.rish.models.CustomerMaster" table="CUSTOMERMASTER">
  <id name="customerID" type="java.lang.String">
   <column name="CUSTOMERID"/>
   <generator class="assigned"/>
  </id>
  <property generated="never" lazy="false" name="firstName" type="java.lang.String">
   <column name="FIRSTNAME"/>
  </property>
  <property generated="never" lazy="false" name="lastName" type="java.lang.String">
   <column name="LASTNAME"/>
  </property>
  <property generated="never" lazy="false" name="email" type="java.lang.String">
   <column name="EMAIL"/>
  </property>
  <property generated="never" lazy="false" name="password" type="java.lang.String">
   <column name="PASSWORD"/>
  </property>
  <property generated="never" lazy="false" name="address" type="java.lang.String">
   <column name="ADDRESS"/>
  </property>
 </class>
</hibernate-mapping>
