<?xml version="1.0"?>
<!DOCTYPE hibernate-mapping PUBLIC "-//Hibernate/Hibernate Mapping DTD 3.0//EN"
"http://hibernate.sourceforge.net/hibernate-mapping-3.0.dtd">
<!-- Generated Aug 16, 2016 1:31:19 PM by Hibernate Tools 3.4.0.CR1 -->
<hibernate-mapping>
    <class name="com.shop.models.ItemMaster" table="ITEMMASTER">
        <id name="itemUID" type="java.lang.String">
            <column name="ITEMUID" />
            <generator class="assigned" />
        </id>
        <property name="catagory" type="java.lang.String">
            <column name="CATAGORY" />
        </property>
        <property name="itemName" type="java.lang.String">
            <column name="ITEMNAME" />
        </property>
        <property name="description" type="java.lang.String">
            <column name="DESCRIPTION" />
        </property>
        <property name="price" type="int">
            <column name="PRICE" />
        </property>
        <property name="quantity" type="int">
            <column name="QUANTITY" />
        </property>
    </class>
</hibernate-mapping>
