<?xml version="1.0"?>
<!DOCTYPE hibernate-mapping PUBLIC "-//Hibernate/Hibernate Mapping DTD 3.0//EN"
"http://hibernate.sourceforge.net/hibernate-mapping-3.0.dtd">
<!-- Generated Aug 16, 2016 1:29:44 PM by Hibernate Tools 3.4.0.CR1 -->
<hibernate-mapping>
    <class name="com.shop.models.OrderMaster" table="ORDERMASTER">
        <id name="orderUID" type="java.lang.String">
            <column name="ORDERUID" />
            <generator class="assigned" />
        </id>
        <property name="orderName" type="java.lang.String">
            <column name="ORDERNAME" />
        </property>
        <property name="quantity" type="long">
            <column name="QUANTITY" />
        </property>
        <property name="bill" type="long">
            <column name="BILL" />
        </property>
    </class>
</hibernate-mapping>
