<?xml version="1.0" encoding="UTF-8"?>

<beans xmlns="http://www.springframework.org/schema/beans"
	xmlns:context="http://www.springframework.org/schema/context"
	xmlns:xsi="http://www.w3.org/2001/XMLSchema-instance"
	xsi:schemaLocation="http://www.springframework.org/schema/beans http://www.springframework.org/schema/beans/spring-beans-3.0.xsd
		http://www.springframework.org/schema/context http://www.springframework.org/schema/context/spring-context-3.0.xsd">
		
	<context:property-placeholder location="db.properties"/>
		
	<!--  beans are Java Objects controlled by Spring IoC Container -->
	<!-- Lifecycle Callback methods init-method and destroy-method
		 both can refer to instance method which takes no-argument
		 and returns nothing!! -->
	<bean id="bookDao" class="com.mahendra.dao.BookDAO"
		 init-method="getready"	destroy-method="prepareToDie"  autowire="byType">
	</bean>
		 
	<bean id="memberDao" class="com.mahendra.dao.MemberDAO" />
	<!--  Instruct Spring IoC Container to perform
		  Setter injection	 -->
	<bean id="libraryService" class="com.mahendra.services.LibraryService" 
		scope="prototype" >
		<property name="bookDao" ref="bookDao"/>
		<property name="memberDao" ref="memberDao"/>
	</bean>
	
	<bean id="dataSource" 
		class="org.springframework.jdbc.datasource.DriverManagerDataSource">
		<property name="driverClassName" value="${db.driver}" />
		<property name="url" value="${db.url}"/>
		<property name="username" value="${db.username}"/>
		<property name="password" value="${db.password}"/>
	</bean>
	
	
</beans>
