<?xml version="1.0" encoding="UTF-8"?>
<beans xmlns="http://www.springframework.org/schema/beans"
	xmlns:xsi="http://www.w3.org/2001/XMLSchema-instance"
	xmlns:context="http://www.springframework.org/schema/context"
	xmlns:tx="http://www.springframework.org/schema/tx"
	xsi:schemaLocation="http://www.springframework.org/schema/beans http://www.springframework.org/schema/beans/spring-beans.xsd
		http://www.springframework.org/schema/context http://www.springframework.org/schema/context/spring-context-3.2.xsd
		http://www.springframework.org/schema/tx http://www.springframework.org/schema/tx/spring-tx-3.2.xsd">

		<context:component-scan base-package="com.mahendra.demo.app"/>
		
		<bean id="dataSource"
		class="org.springframework.jdbc.datasource.DriverManagerDataSource">
			<property name="driverClassName" value="org.h2.Driver"/>
			<property name="url" value="jdbc:h2:~/mydata"/>
			<property name="username" value="sa"/>
			<property name="password" value="pass#123"/>
		</bean>
		
		<bean id="sessionFactory"
			class="org.springframework.orm.hibernate3.LocalSessionFactoryBean">
			<!-- When "hibernate.cfg.xml" inside either src or res folder [Source folder]
			 <property name="configLocation" value="classpath:/hibernate.cfg.xml"/> -->
			<property name="dataSource" ref="dataSource"/>
			<property name="hibernateProperties">
				<value>
					hibernate.dialect=org.hibernate.dialect.H2Dialect
					hibernate.hbm2ddl.auto=create-drop
				</value>
			</property>	
			<property name="mappingResources">
				<value>
				<!--Incase of multiple files, separate them by LINE BREAK 
					file1.hbm.xml
					file2.hbm.xml
				 -->
				 models.hbm.xml
				</value>
			</property>
		</bean>
		
		<bean id="template" 
			class="org.springframework.orm.hibernate3.HibernateTemplate">
			<property name="sessionFactory" ref="sessionFactory"/>
		</bean>
		
		<!-- Step #1 for declarative transactions  -->
		<!--  Create TransactionManager bean for Hibernate from Spring -->
		<bean id="txManager" 
			class="org.springframework.orm.hibernate3.HibernateTransactionManager">
			<property name="sessionFactory" ref="sessionFactory"/>			
		</bean>
		
		<!--  Step #2 for declarative transactions	
			You need following JARS:
				aopalliance-1.0, spring-aspects, spring-aop
		 -->
		<tx:annotation-driven transaction-manager="txManager" mode="proxy"/>
		
		<!--  Step #3 for declarative transactions 
			For Every "Service" class, use following annotation
			on methods which need transaction:
				@Transactional
		-->
</beans>
