<?xml version="1.0" encoding="UTF-8"?>
<beans xmlns="http://www.springframework.org/schema/beans"
	xmlns:xsi="http://www.w3.org/2001/XMLSchema-instance" xmlns:context="http://www.springframework.org/schema/context"
	xmlns:tx="http://www.springframework.org/schema/tx" xmlns:aop="http://www.springframework.org/schema/aop"
	xsi:schemaLocation="http://www.springframework.org/schema/beans
		http://www.springframework.org/schema/beans/spring-beans.xsd
		http://www.springframework.org/schema/context
		http://www.springframework.org/schema/context/spring-context.xsd
		http://www.springframework.org/schema/tx
		http://www.springframework.org/schema/tx/spring-tx.xsd
		http://www.springframework.org/schema/aop
		http://www.springframework.org/schema/aop/spring-aop.xsd">


	<context:property-placeholder location="classpath:resources/jdbc.properties" />
	<bean id="dataSource"
		class="org.springframework.jdbc.datasource.DriverManagerDataSource">
		<property name="driverClassName" value="${class}" />
		<property name="url" value="${url}" />
		<property name="username" value="${user}" />
		<property name="password" value="${pass}" />
	</bean>

	<bean id="jdbcTemplate" class="org.springframework.jdbc.core.JdbcTemplate">
		<constructor-arg ref="dataSource" />
	</bean>

	<bean id="mySessionFactory"
		class="org.springframework.orm.hibernate3.annotation.AnnotationSessionFactoryBean">
		<property name="dataSource" ref="dataSource" />
		<property name="packagesToScan" value="com.zycus.pms.entity" />
		<property name="hibernateProperties">
			<value>
				hibernate.hbm2ddl.auto=update
				hibernate.show_sql=true
			</value>
		</property>
	</bean>

	<!-- For managing transactions for our pojos -->
	<bean id="txManager"
		class="org.springframework.orm.hibernate3.HibernateTransactionManager">
		<property name="sessionFactory" ref="mySessionFactory" />
	</bean>

	<!-- enable the configuration of transactional behavior based on annotations -->
	<tx:annotation-driven transaction-manager="txManager" />

	<!-- <context:property-placeholder location="resources/jdbc.properties" 
		/> -->
</beans>