<?xml version="1.0" encoding="UTF-8"?>
<beans xmlns="http://www.springframework.org/schema/beans"
	xmlns:xsi="http://www.w3.org/2001/XMLSchema-instance" xmlns:context="http://www.springframework.org/schema/context"
	xmlns:mvc="http://www.springframework.org/schema/mvc"
	xsi:schemaLocation="http://www.springframework.org/schema/beans
		http://www.springframework.org/schema/beans/spring-beans.xsd
		http://www.springframework.org/schema/context
		http://www.springframework.org/schema/context/spring-context.xsd
		http://www.springframework.org/schema/mvc
		http://www.springframework.org/schema/mvc/spring-mvc.xsd">

	<context:component-scan base-package="com.zycus.pms.controller"></context:component-scan>
	
	<bean class="org.springframework.web.servlet.view.BeanNameViewResolver" />

	<bean id="validator" class="org.springframework.validation.beanvalidation.LocalValidatorFactoryBean" />
	
	<bean id="PMSLogger" class="com.zycus.pms.logger.LogMaster" />

	<bean id="jspViewResolver"
		class="org.springframework.web.servlet.view.InternalResourceViewResolver">
		<property name="prefix" value="/WEB-INF/view/" />
	</bean>

	<!-- <mvc:annotation-driven /> -->
	<!-- <mvc:view-controller path="/" view-name="index.jsp"/> -->
	<!-- <mvc:view-controller path="/addProductPage.do" view-name="addProduct.jsp"/> -->
	<!-- <mvc:view-controller path="/showAllProds.do" view-name="redirect:start.do" /> -->

</beans>