<?xml version="1.0" encoding="UTF-8"?> 

<!-- It is schema style configuration for Spring 2.5  -->
<beans xmlns="http://www.springframework.org/schema/beans"
	   xmlns:context="http://www.springframework.org/schema/context"
       xmlns:xsi="http://www.w3.org/2001/XMLSchema-instance"
       xsi:schemaLocation="
                http://www.springframework.org/schema/beans
                http://www.springframework.org/schema/beans/spring-beans.xsd
                http://www.springframework.org/schema/context
		 		http://www.springframework.org/schema/context/spring-context-3.0.xsd
                ">
	<!-- <bean name="/home"  class="controllers.HomeController">    
		<property name="dao" ref="empDao" />
	</bean> -->
		<context:component-scan base-package="web.controller"/>
		
		<bean id="bugBLogic" class="com.BussLogic.BugBLogic">
		<property name="bugDao" ref="bugDao"></property>
	</bean>
	<!-- 
	<bean id="ticketLogic" class="com.bussLogic.TicketLogic">
		<property name="ticketDao" ref="movieAndTicketDao"></property>
	</bean>
	
	 -->
	<bean id="service" class="com.service.BugServices">
	<property name="bugLogic" ref="bugBLogic"></property>
	</bean>
	
	<bean id="userService" class="com.service.UserServices">
	<property name="userDao" ref="userDao"></property>
	</bean>
		
		
		<!-- <bean id="viewResolver"
      	   class="org.springframework.web.servlet.view.InternalResourceViewResolver" >
           <property name="prefix">
              <value>/WEB-INF/jsps</value>
           </property>
           <property name="suffix">
              <value>.jsp</value>
           </property>
     </bean> -->
</beans>