<?xml version="1.0" encoding="UTF-8"?>
<!DOCTYPE hibernate-mapping PUBLIC 
    "-//Hibernate/Hibernate Mapping DTD 3.0//EN"
    "http://www.hibernate.org/dtd/hibernate-mapping-3.0.dtd">
<hibernate-mapping>
	<class name="com.mahendra.models.Author" table="AUTHOR">
		<id name="authorId" column="authorId" />
		<property name="firstName" type="string" length="14" />
		<property name="lastName" type="string" length="13" />

	</class>

	<class name="com.mahendra.models.Book" table="book">
		<id name="bookId" column="bookId" />
		<property name="title" type="string" length="10" />
		<many-to-one name="author" column="authorId" fetch="join"
			class="com.mahendra.models.Author" />
	</class>
</hibernate-mapping>