<?xml version="1.0" encoding="UTF-8"?> 

<!-- It is schema style configuration for Spring 2.5  -->
<beans xmlns="http://www.springframework.org/schema/beans"
	   xmlns:context="http://www.springframework.org/schema/context"
       xmlns:xsi="http://www.w3.org/2001/XMLSchema-instance"
       xsi:schemaLocation="
                http://www.springframework.org/schema/beans
                http://www.springframework.org/schema/beans/spring-beans.xsd
                http://www.springframework.org/schema/context
		 		http://www.springframework.org/schema/context/spring-context-3.0.xsd
                ">
                
	<bean id="bugDao" class="com.daos.BugDao" />
	<bean id="factoryService" class="com.factory.JNDIFactoryServiceImpl"></bean>
	<bean id="userDao" class="com.daos.UserMasterDao">
		<constructor-arg>
		<ref bean="factoryService"/>
		</constructor-arg>
	</bean>
	
	<!-- <bean id="services" class="service.Services"></bean> -->
<!-- 	<bean id="userServices" class="services."></bean> -->
	
	
	
</beans>