<?xml version="1.0"?>
<!DOCTYPE hibernate-mapping PUBLIC "-//Hibernate/Hibernate Mapping DTD 3.0//EN"
"http://hibernate.sourceforge.net/hibernate-mapping-3.0.dtd">
<!-- Generated Aug 8, 2016 11:43:03 AM by Hibernate Tools 3.4.0.CR1 -->
<hibernate-mapping package="com.main.models">
    <class name="Account" table="ACCOUNT">
        <id name="accountNo" type="java.lang.Integer">
            <column name="ACCOUNTNO" />
            <generator class="assigned" />
        </id>
        <discriminator column="ACTYPE" type="string"/>
        <property name="accountHolder" type="java.lang.String">
            <column name="ACCOUNTHOLDER" />
        </property>
        <property name="dateOfOpening" type="java.util.Date">
            <column name="DATEOFOPENING" />
        </property>
        
        <!-- Identify type of account-->       
        <subclass name="SavingAccount" discriminator-value="SB">
        	<property name="minBalance" column="min"/>
        </subclass>
         <subclass name="LoanAccount" discriminator-value="LB">
        	<property name="installment" column="emi"/>
        </subclass>
    </class>
</hibernate-mapping>
