<?xml version="1.0" encoding="UTF-8"?>
<beans xmlns="http://www.springframework.org/schema/beans"
	xmlns:xsi="http://www.w3.org/2001/XMLSchema-instance"
	xmlns:context="http://www.springframework.org/schema/context"
	xsi:schemaLocation="http://www.springframework.org/schema/beans http://www.springframework.org/schema/beans/spring-beans-3.2.xsd
		http://www.springframework.org/schema/context http://www.springframework.org/schema/context/spring-context-3.2.xsd">

	<bean name="/register-user.htm" 
		class="com.mahendra.demo1.controllers.RegisterUserController">
		<property name="dao" ref="dao" />
		<property name="commandClass" value="com.mahendra.demo1.model.User"/>
		<property name="commandName" value="user"/>
		<property name="validator" ref="userValidator"/>
		<property name="successView" value="redirect:/list-users.htm" />
		<property name="formView" value="form"/>
	</bean>
		<bean name="/edit-user.htm" 
		class="com.mahendra.demo1.controllers.EditUserController">
		<property name="dao" ref="dao" />
		<property name="commandClass" value="com.mahendra.demo1.model.User"/>
		<property name="commandName" value="user"/>
		<property name="validator" ref="userValidator"/>
		<property name="successView" value="redirect:/list-users.htm" />
		<property name="formView" value="form"/>
	</bean>
	<bean id="resolver" 
		class="org.springframework.web.servlet.view.InternalResourceViewResolver">
		<property name="viewClass" value="org.springframework.web.servlet.view.JstlView" />
		<property name="prefix" value="/WEB-INF/views/" />
		<property name="suffix" value=".jsp" />	
	</bean>
	
	<bean id="userValidator" 
		class="com.mahendra.demo1.model.UserValidator" />
		
	<bean name="/list-users.htm"
		class="com.mahendra.demo1.controllers.ListUserController">
			<property name="dao" ref="dao"/>
	</bean>
</beans>
