<?xml version="1.0"?>
<!DOCTYPE hibernate-mapping PUBLIC "-//Hibernate/Hibernate Mapping DTD 3.0//EN"
"http://hibernate.sourceforge.net/hibernate-mapping-3.0.dtd">
<!-- Generated Aug 8, 2016 5:32:37 PM by Hibernate Tools 3.4.0.CR1 -->
<hibernate-mapping package="com.sayali.models">
    <class name="Planet" table="PLANET">
        <composite-id name="id" class="PlanetID">
           <key-property name="planetId" column="planet_id"></key-property>
           <key-property name="starId" column="star_id"></key-property>
        </composite-id>
        <property name="planetClass" type="java.lang.String">
            <column name="PCLASS" />
        </property>
    </class>
</hibernate-mapping>
