<?xml version="1.0" encoding="UTF-8"?>

<beans xmlns="http://www.springframework.org/schema/beans"
	xmlns:xsi="http://www.w3.org/2001/XMLSchema-instance"
	xsi:schemaLocation="http://www.springframework.org/schema/beans http://www.springframework.org/schema/beans/spring-beans-3.0.xsd">
	<!-- beans are Java Objects controlled by Spring IoC Container -->

	<!-- Lifecycle Callback methods init-method and destroy-method both are 
		refer to instance method which takes no-argument and returns nothing!! -->
	<bean id="bookDao" class="com.mahendra.dao.BookDAO" init-method="getready"
		destroy-method="prepareToDie" autowire="byType">
		<property name="dataSource" ref="datasource" />
		</bean>
	<bean id="memberDao" class="com.mahendra.dao.MemberDAO" />

	<!-- Instruct Spring IoC Container to perform setter injection -->
	<bean id="libraryService" class="com.mahendra.services.LibraryService"
		scope="prototype">
		<property name="bookDao" ref="bookDao" />  <!-- name must match the instance vaiable of LibraryService -->
		<property name="memberDao" ref="memberDao" />
	</bean>
	
<bean id="datasource" class="org.springframework.jdbc.datasource.DriverManagerDataSource">
		<property name="driverClassName" value="com.mysql.jdbc.Driver" />
		<property name="url" value="jdbc:mysql:localhost:3306/world" />
		<property name="username" value="root" />
		<property name="password" value="" />
	</bean>


</beans>