<?xml version="1.0"?>
<!DOCTYPE hibernate-mapping PUBLIC "-//Hibernate/Hibernate Mapping DTD 3.0//EN"
"http://hibernate.sourceforge.net/hibernate-mapping-3.0.dtd">
<!-- Generated Aug 18, 2016 12:49:09 PM by Hibernate Tools 3.4.0.CR1 -->
<hibernate-mapping>
    <class name="com.library.model.Librarian" table="LIBRARIAN">
        <id name="liabrarianId" type="java.lang.String">
            <column name="LIABRARIANID" />
            <generator class="assigned" />
        </id>
        <property name="librarianName" type="java.lang.String">
            <column name="LIBRARIANNAME" />
        </property>
        <property name="password" type="java.lang.String">
            <column name="PASSWORD" />
        </property>
    </class>
</hibernate-mapping>
