<?xml version='1.0' encoding='utf-8'?>
<!DOCTYPE hibernate-configuration PUBLIC
        "-//Hibernate/Hibernate Configuration DTD 3.0//EN"
        "http://www.hibernate.org/dtd/hibernate-configuration-3.0.dtd">

<hibernate-configuration>

    <session-factory>

        <!-- Database connection settings -->
        <property name="connection.driver_class">oracle.jdbc.OracleDriver</property>
        <property name="connection.url">jdbc:oracle:thin:@192.168.1.103:1521:ORCL103</property>
        <property name="connection.username">TRAINEE_SMT</property>
        <property name="connection.password">TRAINEE_SMT</property>

        <!-- JDBC connection pool (use the built-in) -->
        <property name="connection.pool_size">1</property>

        <!-- SQL dialect -->
        <property name="dialect">org.hibernate.dialect.OracleDialect</property>

        <!-- Enable Hibernate's automatic session context management -->
        <property name="current_session_context_class">thread</property>

        <!-- Disable the second-level cache  -->
        <property name="cache.provider_class">org.hibernate.cache.NoCacheProvider</property>

        <!-- Echo all executed SQL to stdout -->
        <property name="show_sql">true</property>

        <!-- Drop and re-create the database schema on startup -->
        <property name="hbm2ddl.auto">update</property>
		
		<mapping class="com.zycus.bugzilla.usermgmt.entities.User"/> 
		<mapping class="com.zycus.bugzilla.rolemgmt.entities.Role"/>
		
		<mapping class="com.zycus.bugzilla.customermgmt.entities.Customer"/>
		<mapping class="com.zycus.bugzilla.productmgmt.entities.Product"/>
		
		<mapping class="com.zycus.bugzilla.bugmgmt.entities.Bug"/>
		<mapping class="com.zycus.bugzilla.bugmgmt.entities.BugStatus"/>
		<mapping class="com.zycus.bugzilla.bugmgmt.entities.BugSeverity"/>
		<mapping class="com.zycus.bugzilla.bugmgmt.entities.QualityAspect"/>
		<mapping class="com.zycus.bugzilla.bugmgmt.entities.BugType"/>
    </session-factory>

</hibernate-configuration>
