<?xml version="1.0"?>
<!DOCTYPE hibernate-mapping PUBLIC "-//Hibernate/Hibernate Mapping DTD 3.0//EN"
"http://hibernate.sourceforge.net/hibernate-mapping-3.0.dtd">
<!-- Generated Oct 10, 2016 4:41:19 PM by Hibernate Tools 3.4.0.CR1 -->
<hibernate-mapping>
    <class name="Group" table="GROUPS">
        <id name="id" column="GROUP_ID">
            <generator class="native"/>
        </id>
        <property name="name" column="NAME" />
         
        <set name="users" table="UsersGroups" cascade="save-update">
            <key column="GROUP_ID"/>
            <many-to-many column="USER_ID" class="User" />
        </set>
    </class> 
</hibernate-mapping>