<?xml version="1.0"?>
<!DOCTYPE hibernate-mapping PUBLIC "-//Hibernate/Hibernate Mapping DTD 3.0//EN"
"http://hibernate.sourceforge.net/hibernate-mapping-3.0.dtd">
<!-- Generated Oct 10, 2016 4:41:19 PM by Hibernate Tools 3.4.0.CR1 -->
<hibernate-mapping>
    <class name="User" table="USERS">
        <id name="id" column="USER_ID">
            <generator class="native"/>
        </id>
        <property name="username" column="USERNAME" />
        <property name="password" column="PASSWORD" />
        <property name="email" column="EMAIL" />
 
        <set name="groups" table="UsersGroups" inverse="true">
            <key column="USER_ID"/>
            <many-to-many column="GROUP_ID" class="Group" />
        </set>
    </class> 
</hibernate-mapping>