[{"employeeID":1,"employeeName":"Employee1","age":44,"department":"Department1","salary":0.0},{"employeeID":2,"employeeName":"Employee2","age":62,"department":"Department2","salary":0.0},{"employeeID":3,"employeeName":"Employee3","age":46,"department":"Department3","salary":2.0},{"employeeID":4,"employeeName":"Employee4","age":68,"department":"Department4","salary":0.0},{"employeeID":5,"employeeName":"Employee5","age":29,"department":"Department5","salary":4.0},{"employeeID":6,"employeeName":"Employee6","age":36,"department":"Department6","salary":0.0},{"employeeID":7,"employeeName":"Employee7","age":28,"department":"Department7","salary":4.0},{"employeeID":8,"employeeName":"Employee8","age":37,"department":"Department8","salary":4.0},{"employeeID":9,"employeeName":"Employee9","age":57,"department":"Department9","salary":1.0},{"employeeID":10,"employeeName":"Employee10","age":68,"department":"Department10","salary":5.0},{"employeeID":11,"employeeName":"Employee11","age":61,"department":"Department11","salary":9.0},{"employeeID":12,"employeeName":"Employee12","age":44,"department":"Department12","salary":9.0},{"employeeID":13,"employeeName":"Employee13","age":69,"department":"Department13","salary":2.0},{"employeeID":14,"employeeName":"Employee14","age":49,"department":"Department14","salary":2.0},{"employeeID":15,"employeeName":"Employee15","age":49,"department":"Department15","salary":11.0},{"employeeID":16,"employeeName":"Employee16","age":41,"department":"Department16","salary":4.0},{"employeeID":17,"employeeName":"Employee17","age":58,"department":"Department17","salary":11.0},{"employeeID":18,"employeeName":"Employee18","age":30,"department":"Department18","salary":16.0},{"employeeID":19,"employeeName":"Employee19","age":28,"department":"Department19","salary":19.0},{"employeeID":20,"employeeName":"Employee20","age":77,"department":"Department20","salary":18.0},{"employeeID":21,"employeeName":"Employee21","age":55,"department":"Department21","salary":9.0},{"employeeID":22,"employeeName":"Employee22","age":20,"department":"Department22","salary":20.0},{"employeeID":23,"employeeName":"Employee23","age":59,"department":"Department23","salary":22.0},{"employeeID":24,"employeeName":"Employee24","age":76,"department":"Department24","salary":16.0},{"employeeID":25,"employeeName":"Employee25","age":30,"department":"Department25","salary":25.0},{"employeeID":26,"employeeName":"Employee26","age":42,"department":"Department26","salary":3.0},{"employeeID":27,"employeeName":"Employee27","age":71,"department":"Department27","salary":25.0},{"employeeID":28,"employeeName":"Employee28","age":51,"department":"Department28","salary":1.0},{"employeeID":29,"employeeName":"Employee29","age":58,"department":"Department29","salary":5.0},{"employeeID":30,"employeeName":"Employee30","age":23,"department":"Department30","salary":23.0},{"employeeID":31,"employeeName":"Employee31","age":61,"department":"Department31","salary":5.0},{"employeeID":32,"employeeName":"Employee32","age":34,"department":"Department32","salary":14.0},{"employeeID":33,"employeeName":"Employee33","age":27,"department":"Department33","salary":4.0},{"employeeID":34,"employeeName":"Employee34","age":79,"department":"Department34","salary":5.0},{"employeeID":35,"employeeName":"Employee35","age":24,"department":"Department35","salary":9.0},{"employeeID":36,"employeeName":"Employee36","age":38,"department":"Department36","salary":17.0},{"employeeID":37,"employeeName":"Employee37","age":28,"department":"Department37","salary":33.0},{"employeeID":38,"employeeName":"Employee38","age":69,"department":"Department38","salary":37.0},{"employeeID":39,"employeeName":"Employee39","age":61,"department":"Department39","salary":24.0},{"employeeID":40,"employeeName":"Employee40","age":40,"department":"Department40","salary":29.0},{"employeeID":41,"employeeName":"Employee41","age":55,"department":"Department41","salary":40.0},{"employeeID":42,"employeeName":"Employee42","age":33,"department":"Department42","salary":41.0},{"employeeID":43,"employeeName":"Employee43","age":47,"department":"Department43","salary":26.0},{"employeeID":44,"employeeName":"Employee44","age":71,"department":"Department44","salary":17.0},{"employeeID":45,"employeeName":"Employee45","age":68,"department":"Department45","salary":34.0},{"employeeID":46,"employeeName":"Employee46","age":35,"department":"Department46","salary":3.0},{"employeeID":47,"employeeName":"Employee47","age":67,"department":"Department47","salary":34.0},{"employeeID":48,"employeeName":"Employee48","age":70,"department":"Department48","salary":39.0},{"employeeID":49,"employeeName":"Employee49","age":50,"department":"Department49","salary":44.0},{"employeeID":50,"employeeName":"Employee50","age":34,"department":"Department50","salary":6.0},{"employeeID":51,"employeeName":"Employee51","age":40,"department":"Department51","salary":38.0},{"employeeID":52,"employeeName":"Employee52","age":75,"department":"Department52","salary":19.0},{"employeeID":53,"employeeName":"Employee53","age":60,"department":"Department53","salary":53.0},{"employeeID":54,"employeeName":"Employee54","age":58,"department":"Department54","salary":7.0},{"employeeID":55,"employeeName":"Employee55","age":55,"department":"Department55","salary":10.0},{"employeeID":56,"employeeName":"Employee56","age":69,"department":"Department56","salary":34.0},{"employeeID":57,"employeeName":"Employee57","age":25,"department":"Department57","salary":53.0},{"employeeID":58,"employeeName":"Employee58","age":62,"department":"Department58","salary":52.0},{"employeeID":59,"employeeName":"Employee59","age":76,"department":"Department59","salary":48.0},{"employeeID":60,"employeeName":"Employee60","age":26,"department":"Department60","salary":16.0},{"employeeID":61,"employeeName":"Employee61","age":67,"department":"Department61","salary":32.0},{"employeeID":62,"employeeName":"Employee62","age":79,"department":"Department62","salary":53.0},{"employeeID":63,"employeeName":"Employee63","age":78,"department":"Department63","salary":28.0},{"employeeID":64,"employeeName":"Employee64","age":77,"department":"Department64","salary":55.0},{"employeeID":65,"employeeName":"Employee65","age":28,"department":"Department65","salary":30.0},{"employeeID":66,"employeeName":"Employee66","age":66,"department":"Department66","salary":1.0},{"employeeID":67,"employeeName":"Employee67","age":26,"department":"Department67","salary":27.0},{"employeeID":68,"employeeName":"Employee68","age":68,"department":"Department68","salary":48.0},{"employeeID":69,"employeeName":"Employee69","age":59,"department":"Department69","salary":22.0},{"employeeID":70,"employeeName":"Employee70","age":64,"department":"Department70","salary":4.0},{"employeeID":71,"employeeName":"Employee71","age":28,"department":"Department71","salary":9.0},{"employeeID":72,"employeeName":"Employee72","age":79,"department":"Department72","salary":60.0},{"employeeID":73,"employeeName":"Employee73","age":35,"department":"Department73","salary":25.0},{"employeeID":74,"employeeName":"Employee74","age":37,"department":"Department74","salary":24.0},{"employeeID":75,"employeeName":"Employee75","age":57,"department":"Department75","salary":64.0},{"employeeID":76,"employeeName":"Employee76","age":39,"department":"Department76","salary":5.0},{"employeeID":77,"employeeName":"Employee77","age":32,"department":"Department77","salary":56.0},{"employeeID":78,"employeeName":"Employee78","age":44,"department":"Department78","salary":37.0},{"employeeID":79,"employeeName":"Employee79","age":59,"department":"Department79","salary":60.0},{"employeeID":80,"employeeName":"Employee80","age":31,"department":"Department80","salary":23.0},{"employeeID":81,"employeeName":"Employee81","age":27,"department":"Department81","salary":45.0},{"employeeID":82,"employeeName":"Employee82","age":32,"department":"Department82","salary":78.0},{"employeeID":83,"employeeName":"Employee83","age":40,"department":"Department83","salary":31.0},{"employeeID":84,"employeeName":"Employee84","age":38,"department":"Department84","salary":23.0},{"employeeID":85,"employeeName":"Employee85","age":30,"department":"Department85","salary":34.0},{"employeeID":86,"employeeName":"Employee86","age":35,"department":"Department86","salary":45.0},{"employeeID":87,"employeeName":"Employee87","age":58,"department":"Department87","salary":31.0},{"employeeID":88,"employeeName":"Employee88","age":73,"department":"Department88","salary":9.0},{"employeeID":89,"employeeName":"Employee89","age":73,"department":"Department89","salary":88.0},{"employeeID":90,"employeeName":"Employee90","age":61,"department":"Department90","salary":54.0},{"employeeID":91,"employeeName":"Employee91","age":23,"department":"Department91","salary":1.0},{"employeeID":92,"employeeName":"Employee92","age":50,"department":"Department92","salary":43.0},{"employeeID":93,"employeeName":"Employee93","age":22,"department":"Department93","salary":82.0},{"employeeID":94,"employeeName":"Employee94","age":28,"department":"Department94","salary":66.0},{"employeeID":95,"employeeName":"Employee95","age":38,"department":"Department95","salary":2.0},{"employeeID":96,"employeeName":"Employee96","age":72,"department":"Department96","salary":26.0},{"employeeID":97,"employeeName":"Employee97","age":73,"department":"Department97","salary":9.0},{"employeeID":98,"employeeName":"Employee98","age":43,"department":"Department98","salary":78.0},{"employeeID":99,"employeeName":"Employee99","age":20,"department":"Department99","salary":73.0},{"employeeID":100,"employeeName":"Employee100","age":71,"department":"Department100","salary":71.0}]