<?xml version="1.0"?>
<!DOCTYPE hibernate-mapping PUBLIC "-//Hibernate/Hibernate Mapping DTD 3.0//EN"
"http://hibernate.sourceforge.net/hibernate-mapping-3.0.dtd">
<!-- Generated Sep 27, 2016 3:06:02 PM by Hibernate Tools 3.4.0.CR1 -->
<hibernate-mapping>
    <class name="User" table="USER">
    <meta attribute="class-description">
         This class contains the employee detail. 
      </meta>
        <id name="id" type="java.lang.Long">
            <column name="ID" />
            <generator class="native" />
        </id>
        <property name="firstname" type="java.lang.String">
            <column name="FIRSTNAME" />
        </property>
        <property name="lastname" type="java.lang.String">
            <column name="LASTNAME" />
        </property>
    </class>
</hibernate-mapping>
