<?xml version="1.0"?>
<!DOCTYPE hibernate-mapping PUBLIC "-//Hibernate/Hibernate Mapping DTD 3.0//EN"
"http://hibernate.sourceforge.net/hibernate-mapping-3.0.dtd">
<!-- Generated Aug 16, 2016 5:07:24 PM by Hibernate Tools 3.4.0.CR1 -->
<hibernate-mapping>
    <class name="model.Employee" table="EMPLOYEE">
        <id name="employeeID" type="long">
            <column name="EMPLOYEEID" />
            <generator class="assigned" />
        </id>
        <property name="employeeName" type="java.lang.String">
            <column name="EMPLOYEENAME" />
        </property>
        <property name="age" type="int">
            <column name="AGE" />
        </property>
        <property name="department" type="java.lang.String">
            <column name="DEPARTMENT" />
        </property>
        <property name="salary" type="double">
            <column name="SALARY" />
        </property>
    </class>
</hibernate-mapping>
