<?xml version="1.0" encoding="UTF-8" ?> 
 
<beans xmlns="http://www.springframework.org/schema/beans"
  xmlns:xsi="http://www.w3.org/2001/XMLSchema-instance" 
  xsi:schemaLocation="http://www.springframework.org/schema/beans http://www.springframework.org/schema/beans/spring-beans-3.0.xsd">
 
 <!--   beans are Java Objects controlled by Spring IoC Container
 		lifecycle callback methods init-method & destroy-method both can refer to instance method which 
 		takes no-argument and return nothing  --> 
 		
 	<bean id="bookDao" class="com.mahendra.dao.BookDAO"
 	init-method="getready" destroy-method="preparetodie" >
 		<property name="dataSource" ref="dataSource"></property>
 	</bean> 
 	<bean id="memberDao" class="com.mahendra.dao.MemberDAO" />
 	 
<!-- 
  Instruct Spring IoC Container to perform
		  Constructor injection	 

  --> 
 	<bean id="libraryService" class="com.mahendra.services.LibraryService" scope="prototype">
		<property name="bookDao" ref="bookDao"></property>
		<property name="memberDao" ref="memberDao"></property>
	</bean>
	
	<bean id="dataSource" class="org.springframework.jdbc.datasource.driverManagerDataSource">
		<property name ="driverClassName" value="com.mysql.jdbc.Driver"/>
		<property name="url" value="jdbc:mysql:localhost:3306/world"></property>
		<property name="username" value="root"></property>
		<property name="password" value=""></property>
	</bean>
</beans>