<?xml version="1.0"?>
<!DOCTYPE hibernate-mapping PUBLIC "-//Hibernate/Hibernate Mapping DTD 3.0//EN"
"http://hibernate.sourceforge.net/hibernate-mapping-3.0.dtd">
<!-- Generated Sep 14, 2016 6:22:15 PM by Hibernate Tools 3.4.0.CR1 -->
<hibernate-mapping>
    <class name="com.tushar.models.Multiplex" table="MULTIPLEX">
        <id name="multiplexId" type="java.lang.Integer" access="field">
            <column name="MULTIPLEXID" />
            <generator class="increment" />
        </id>
        <property name="multiplexName" type="java.lang.String">
            <column name="MULTIPLEXNAME" />
        </property>
        <property name="multiplexLocation" type="java.lang.String">
            <column name="MULTIPLEXLOCATION" />
        </property>
    </class>
</hibernate-mapping>
