<?xml version="1.0"?>
<!DOCTYPE hibernate-mapping PUBLIC "-//Hibernate/Hibernate Mapping DTD 3.0//EN"
"http://hibernate.sourceforge.net/hibernate-mapping-3.0.dtd">
<!-- Generated Sep 14, 2016 6:22:15 PM by Hibernate Tools 3.4.0.CR1 -->
<hibernate-mapping>
    <class name="com.tushar.models.Seats" table="SEATS">
        <id name="seatsId" type="java.lang.Integer">
            <column name="SEATSID" />
            <generator class="increment" />
        </id>
        <property name="numberOfRows" type="java.lang.Integer">
            <column name="NUMBEROFROWS" />
        </property>
        <many-to-one name="theatre" class="com.tushar.models.Theatre" fetch="join" lazy="false">
            <column name="THEATRE" />
        </many-to-one>
    </class>
</hibernate-mapping>
