<?xml version="1.0"?>
<!DOCTYPE hibernate-mapping PUBLIC "-//Hibernate/Hibernate Mapping DTD 3.0//EN"
"http://hibernate.sourceforge.net/hibernate-mapping-3.0.dtd">
<!-- Generated Sep 13, 2016 4:12:42 PM by Hibernate Tools 3.4.0.CR1 -->
<hibernate-mapping>
    <class name="com.tushar.models.Ticket" table="TICKETBOOKING">
        <id name="ticketId" type="java.lang.Integer" access="field">
            <column name="TICKETID" />
            <generator class="increment" />
        </id>
        <many-to-one name="customer" class="com.tushar.models.Customer" fetch="join">
            <column name="CUSTOMER" />
        </many-to-one>
        <property name="totalAmount" type="java.lang.Double">
            <column name="TOTALAMOUNT" />
        </property>
        <many-to-one name="column" class="com.tushar.models.Column" fetch="join">
            <column name="COLUMNS" />
        </many-to-one>
    </class>
</hibernate-mapping>
