<?xml version="1.0" encoding="UTF-8"?>
<beans xmlns="http://www.springframework.org/schema/beans"
	xmlns:xsi="http://www.w3.org/2001/XMLSchema-instance"
	xsi:schemaLocation="http://www.springframework.org/schema/beans http://www.springframework.org/schema/beans/spring-beans.xsd">

	<bean id="dao" class="com.mahendra.demo1.data.UserDAO">
		<property name="users">
			<list>
				<bean class="com.mahendra.demo1.model.User">
					<property name="userName" value="rishu" />
					<property name="password" value="terminator2" />
					<property name="email" value="rishu@mozilla.com" />
					<property name="gender" value="male" />
				</bean>
				<bean class="com.mahendra.demo1.model.User">
					<property name="userName" value="raj" />
					<property name="password" value="hey mogambo!" />
					<property name="email" value="raj@mozilla.com" />
					<property name="gender" value="male" />
				</bean>
			</list>
		</property>
	</bean>

</beans>
