<?xml version="1.0"?>
<!DOCTYPE hibernate-mapping PUBLIC "-//Hibernate/Hibernate Mapping DTD 3.0//EN"
"http://hibernate.sourceforge.net/hibernate-mapping-3.0.dtd">
<!-- Generated Oct 10, 2016 7:02:31 PM by Hibernate Tools 3.4.0.CR1 -->
<hibernate-mapping>
    <class name="com.movierental.model.BookingHistory" table="BOOKINGHISTORY">
        <id name="bookingId" type="int">
            <column name="BOOKING_ID" />
            <generator class="native" />
        </id>
        <many-to-one name="user" class="com.movierental.model.User" fetch="join">
            <column name="USER_ID" />
        </many-to-one>
        <many-to-one name="movie" class="com.movierental.model.Movie" fetch="join">
            <column name="MOVIE_ID" />
        </many-to-one>
        <property name="startTime" type="java.lang.String">
            <column name="START_TIME" />
        </property>
        <property name="endTime" type="java.lang.String">
            <column name="END_TIME" />
        </property>
    </class>
</hibernate-mapping>
