<?xml version="1.0"?>
<!DOCTYPE hibernate-mapping PUBLIC "-//Hibernate/Hibernate Mapping DTD 3.0//EN"
"http://hibernate.sourceforge.net/hibernate-mapping-3.0.dtd">
<!-- Generated Oct 10, 2016 5:07:42 PM by Hibernate Tools 3.4.0.CR1 -->
<hibernate-mapping>
    <class name="com.movierental.model.Catagory" table="CATAGORY">
        <id name="catagoryId" type="int">
            <column name="CATAGORY_ID" />
            <generator class="native" />
        </id>
        <property name="catagory" type="java.lang.String">
            <column name="CATAGORY" />
        </property>
        <set name="movie" table="MOVIEDETAILS" inverse="true">
            <key>
                <column name="CATAGORY_ID" />
            </key>
            <many-to-many column="MOVIE_ID" class="com.movierental.model.Movie" />
        </set>
    </class>
</hibernate-mapping>
