<?xml version="1.0"?>
<!DOCTYPE hibernate-mapping PUBLIC "-//Hibernate/Hibernate Mapping DTD 3.0//EN"
"http://hibernate.sourceforge.net/hibernate-mapping-3.0.dtd">
<!-- Generated Oct 10, 2016 5:07:42 PM by Hibernate Tools 3.4.0.CR1 -->
<hibernate-mapping>
    <class name="com.movierental.model.Movie" table="MOVIE">
        <id name="movieId" type="int">
            <column name="MOVIE_ID" />
            <generator class="native" />
        </id>
        <property name="movieTitle" type="java.lang.String">
            <column name="MOVIE_TITLE" />
        </property>
        <property name="moviecost" type="double">
            <column name="MOVIE_COST" />
        </property>
        <set name="catagory" table="MOVIEDETAILS" cascade="save-update">
            <key>
                <column name="MOVIE_ID" />
            </key>
            <many-to-many column="CATAGORY_ID" class="com.movierental.model.Catagory" />
        </set>
    </class>
</hibernate-mapping>
