<?xml version="1.0"?>
<!DOCTYPE hibernate-mapping PUBLIC "-//Hibernate/Hibernate Mapping DTD 3.0//EN"
"http://hibernate.sourceforge.net/hibernate-mapping-3.0.dtd">
<!-- Generated Oct 10, 2016 5:07:42 PM by Hibernate Tools 3.4.0.CR1 -->
<hibernate-mapping>
    <class name="com.movierental.model.User" table="USER">
        <id name="userId" type="int">
            <column name="USER_ID" />
            <generator class="native" />
        </id>
        <property name="firstName" type="java.lang.String">
            <column name="FIRS_TNAME" />
        </property>
        <property name="lastName" type="java.lang.String">
            <column name="LAST_NAME" />
        </property>
        <property name="email" type="java.lang.String">
            <column name="EMAIL" />
        </property>
        <property name="password" type="java.lang.String">
            <column name="PASSWORD" />
        </property>
        <property name="userRole" type="java.lang.String">
            <column name="USER_ROLE" />
        </property>
    </class>
</hibernate-mapping>
