<?xml version="1.0" encoding="UTF-8"?>
<!DOCTYPE hibernate-mapping PUBLIC "-//Hibernate/Hibernate Mapping DTD 3.0//EN" "http://hibernate.sourceforge.net/hibernate-mapping-3.0.dtd" >
<hibernate-mapping package="com.mahendra.demo.app.models">
	<class name="Contact" table="contacts">
		<id column="contact_id" name="contactId" type="int">
			<generator class="increment" />
		</id>

		<property name="firstName" column="first_name" type="string"
			length="20" />

		<property name="lastName" column="last_name" type="string"
			length="20" />

		<property name="email" column="email" type="string" length="60" />

	</class>
</hibernate-mapping>