<?xml version="1.0" encoding="UTF-8"?>
<beans xmlns="http://www.springframework.org/schema/beans"
     xmlns:xsi="http://www.w3.org/2001/XMLSchema-instance"
     xmlns:context="http://www.springframework.org/schema/context"
     xsi:schemaLocation="http://www.springframework.org/schema/beans
         http://www.springframework.org/schema/beans/spring-beans.xsd
         http://www.springframework.org/schema/context
         http://www.springframework.org/schema/context/spring-context.xsd">

		  <bean id="dataSource" class="org.springframework.jdbc.datasource.DriverManagerDataSource">
		    <property name="driverClassName" value="${driverClassName}"/>
		    <property name="url" value="${url}"/>
		    <property name="username" value="TRAINEE_SMT"/>
		    <property name="password" value="TRAINEE_SMT"/>
		</bean>
		
		<bean id="jdbcTemplate" class="org.springframework.jdbc.core.JdbcTemplate">
		<constructor-arg ref="dataSource"/>
		</bean>
		<context:property-placeholder location="/WEB-INF/jdbc.properties"/>

</beans>