<?xml version="1.0" encoding="UTF-8"?>
<beans xmlns="http://www.springframework.org/schema/beans"
     xmlns:xsi="http://www.w3.org/2001/XMLSchema-instance"
     xmlns:context="http://www.springframework.org/schema/context"
     xmlns:tx="http://www.springframework.org/schema/tx"
     xsi:schemaLocation="http://www.springframework.org/schema/beans
         http://www.springframework.org/schema/beans/spring-beans.xsd
         http://www.springframework.org/schema/tx
     	 http://www.springframework.org/schema/tx/spring-tx.xsd
     	 http://www.springframework.org/schema/context
         http://www.springframework.org/schema/context/spring-context.xsd">

		<!-- Consider this bean doing the same thing that
			the hibernateUtil class was doing till now -->

		<bean id="mySessionFactory"
			class="org.springframework.orm.hibernate3.annotation.AnnotationSessionFactoryBean">
			<property name="dataSource" ref="dataSource" />
			<property name="packagesToScan" value="com.zycus.bugzilla.bugmgmt.entities, com.zycus.bugzilla.customermgmt.entities, 
												com.zycus.bugzilla.productmgmt.entities, com.zycus.bugzilla.usermgmt.entities,
												com.zycus.bugzilla.rolemgmt.entities" />
			<property name="hibernateProperties">
				<value>
		       		 hibernate.hbm2ddl.auto= update
		       		 hibernate.show_sql= true
		      	</value>
			</property>
		</bean>
		
		
		<!--  this bean is used for managing Transactions
			for our pojos -->
		<bean id="txManager" class="org.springframework.orm.hibernate3.HibernateTransactionManager">
		  <property name="sessionFactory" ref="mySessionFactory" />
		</bean>
		<!-- enable the configuration of transactional behavior based on annotations -->
		 <tx:annotation-driven transaction-manager="txManager"/>

  </beans>