<?xml version="1.0" encoding="UTF-8"?>
<beans xmlns="http://www.springframework.org/schema/beans"
     xmlns:xsi="http://www.w3.org/2001/XMLSchema-instance"
     xmlns:context="http://www.springframework.org/schema/context"
     xmlns:mvc="http://www.springframework.org/schema/mvc"
     xsi:schemaLocation="http://www.springframework.org/schema/beans
         http://www.springframework.org/schema/beans/spring-beans.xsd
         http://www.springframework.org/schema/context
         http://www.springframework.org/schema/context/spring-context.xsd
         http://www.springframework.org/schema/mvc
         http://www.springframework.org/schema/mvc/spring-mvc.xsd">

	  <mvc:annotation-driven/>
	  <context:component-scan base-package="com.zycus.bugzilla.bugmgmt.controllers,
	  										com.zycus.bugzilla.productmgmt.controllers,
	  										com.zycus.bugzilla.customermgmt.controllers,
	  										com.zycus.bugzilla.usermgmt.controllers,
	  										com.zycus.bugzilla.rolemgmt.controllers"/>
	  <!-- Controller takes simply to the jsp page 
	  <mvc:view-controller path="/addProduct.do" view-name="addProduct.jsp" /> -->
 	
 	  
	    
	   <!-- ==================================Internal View Resolver======================================== -->
	    
	  <bean id="jspViewResolver" class="org.springframework.web.servlet.view.InternalResourceViewResolver">  
	  <property name="prefix" value="/WEB-INF/jsps/"/>	 
	  <property name="suffix" value=".jsp"></property>
	  </bean>
	  	
	  	
	  	<bean class="org.springframework.web.servlet.view.XmlViewResolver">
		   	<property name="location">
		       <value>/WEB-INF/spring-excel-views.xml</value>
		   	</property>
		   <property name="order" value="0" />
		</bean>
	  
</beans>