<?xml version="1.0" encoding="UTF-8"?>
<!DOCTYPE hibernate-mapping PUBLIC 
    "-//Hibernate/Hibernate Mapping DTD 3.0//EN"
    "http://www.hibernate.org/dtd/hibernate-mapping-3.0.dtd">
<hibernate-mapping>
	<class name="com.mahendra.models.Department" table="department_2213">
		<id name="deptNo" column="deptno" />
		<property name="name" type="string" length="14" />
		<property name="location" type="string" length="13" />
	</class>

	<class name="com.mahendra.models.Employee" table="employee_2213">
		<id name="empNo" column="empno" />
		<!-- EMPNO NOT NULL NUMBER(38) NAME VARCHAR2(10) JOB VARCHAR2(9) BOSS NUMBER(38) 
			HIREDATE VARCHAR2(12) SALARY NUMBER(7,2) COMM NUMBER(7,2) DEPTNO NUMBER(38) -->
		<property name="name" type="string" length="10" />
		<property name="job" type="string" length="9" />
		<property name="boss" type="int" />
		<property name="hiredate" type="date" />
		<property name="salary" type="float" />
		<property name="comm" type="float" />
		<many-to-one name="department" column="deptno" fetch="join"
			class="com.mahendra.models.Department" />
	</class>
</hibernate-mapping>