<?xml version="1.0"?>
<!DOCTYPE hibernate-mapping PUBLIC "-//Hibernate/Hibernate Mapping DTD 3.0//EN"
"http://hibernate.sourceforge.net/hibernate-mapping-3.0.dtd">
<!-- Generated Oct 11, 2016 2:29:57 PM by Hibernate Tools 3.4.0.CR1 -->
<hibernate-mapping>
    <class name="com.movierental.model.Genre" table="GENRE">
        <id name="genreId" type="int">
            <column name="GENRE_ID" />
            <generator class="native" />
        </id>
        <property name="genre" type="java.lang.String">
            <column name="GENRE" />
        </property>
    </class>
</hibernate-mapping>
