<?xml version="1.0"?>
<!DOCTYPE hibernate-mapping PUBLIC "-//Hibernate/Hibernate Mapping DTD 3.0//EN"
"http://hibernate.sourceforge.net/hibernate-mapping-3.0.dtd">
<!-- Generated Oct 11, 2016 2:29:57 PM by Hibernate Tools 3.4.0.CR1 -->
<hibernate-mapping>
    <class name="com.movierental.model.Movie" table="MOVIE">
        <id name="movieId" type="int">
            <column name="MOVIE_ID" />
            <generator class="native" />
        </id>
        <property name="movieTitle" type="java.lang.String">
            <column name="MOVIE_TITLE" />
        </property>
        <property name="movieCost" type="double">
            <column name="MOVIE_COST" />
        </property>
    </class>
</hibernate-mapping>
