<?xml version="1.0" encoding="UTF-8"?>

<!-- Front Controller -->

<beans xmlns="http://www.springframework.org/schema/beans"
	xmlns:xsi="http://www.w3.org/2001/XMLSchema-instance"
	xsi:schemaLocation="http://www.springframework.org/schema/beans http://www.springframework.org/schema/beans/spring-beans-3.2.xsd
		http://www.springframework.org/schema/context http://www.springframework.org/schema/context/spring-context-3.2.xsd"
	xmlns:context="http://www.springframework.org/schema/context">
	<!-- <bean name="/index.htm" class="com.sayali.demo1.controller.HelloController"></bean> -->
	<!-- <context:component-scan base-package="com.sayali.demo1" /> -->  
	
	<!-- define a view resolver which is optimized for JSP pages with JSTL tags
		 Help view resolver to  convert logical view name into PATH by providing prefix & suffix -->
	<bean name="/register-user.htm" 
			class="com.sayali.demo1.controller.RegisterUserController">
			<property name="dao" ref="dao" />
			<property name="commandClass" value="com.sayali.demo1.model.User"/>
			<property name="validator" ref="userValidator"/>
			<property name="validateOnBinding" value="true"/>
	</bean>
	
	<bean id="resolver" 
		class="org.springframework.web.servlet.view.InternalResourceViewResolver">
		<property name="viewClass" value="org.springframework.web.servlet.view.JstlView" />
		<property name="prefix" value="/WEB-INF/views/" />
		<property name="suffix" value=".jsp" />	
	</bean>
	
	<bean id="userValidator" class="com.sayali.demo1.model.UserValidator" />
	

</beans>
