<?xml version="1.0" encoding="UTF-8"?>
<!DOCTYPE hibernate-mapping PUBLIC "-//Hibernate/Hibernate Mapping DTD 3.0//EN"
"http://hibernate.sourceforge.net/hibernate-mapping-3.0.dtd">
<!-- Generated Aug 8, 2016 11:43:03 AM by Hibernate Tools 3.4.0.CR1 -->
<hibernate-mapping package="com.sayali.models">
    <class name="Account" table="ACCOUNT3" abstract="true">
        <id name="accountNo" type="java.lang.Integer">
            <column name="ACCOUNTNO" />
            <generator class="assigned" />
        </id>
        
        <property name="accountHolder" type="java.lang.String">
            <column name="ACCOUNTHOLDER" />
        </property>
        <property name="dateOfOpening" type="java.util.Date">
            <column name="DATEOFOPENING" />
        </property>
        
        <!-- Identify type of account-->       
        <union-subclass name="SavingAccount" table="SAVING_ACC2">
        
        	<property name="minBalance" column="min"/>
        </union-subclass>
         <union-subclass name="LoanAccount" table="LOAN_ACC2">
         
        	<property name="installment" column="emi"/>
        </union-subclass>
    </class>
</hibernate-mapping>