<?xml version="1.0"?>
<!DOCTYPE hibernate-mapping PUBLIC "-//Hibernate/Hibernate Mapping DTD 3.0//EN"
"http://hibernate.sourceforge.net/hibernate-mapping-3.0.dtd">
<!-- Generated Sep 27, 2016 7:24:27 PM by Hibernate Tools 3.4.0.CR1 -->
<hibernate-mapping>
    <class name="Contact" table="CONTACT">
        <id name="id" type="int">
            <column name="ID" />
            <generator class="assigned" />
        </id>
        <property name="name" type="java.lang.String">
            <column name="NAME" />
        </property>
        <property name="email" type="java.lang.String">
            <column name="EMAIL" />
        </property>
        <property name="address" type="java.lang.String">
            <column name="ADDRESS" />
        </property>
        <property name="telephone" type="java.lang.String">
            <column name="TELEPHONE" />
        </property>
    </class>
</hibernate-mapping>
