<?xml version="1.0"?>
<!DOCTYPE hibernate-mapping PUBLIC "-//Hibernate/Hibernate Mapping DTD 3.0//EN"
"http://hibernate.sourceforge.net/hibernate-mapping-3.0.dtd">
<!-- Generated Oct 11, 2016 2:29:57 PM by Hibernate Tools 3.4.0.CR1 -->
<hibernate-mapping>
    <class name="com.zycus.movie.model.User" table="USER">
       <id name="userId" type="int">
            <column name="USERID" />
            <generator class="increment" />
        </id>
        <property name="userName" type="java.lang.String">
            <column name="USERNAME" />
        </property>
        <property name="email" type="java.lang.String">
            <column name="EMAIL" />
        </property>
        <property name="password" type="java.lang.String">
            <column name="PASSWORD" />
        </property>
    </class>
</hibernate-mapping>
