<?xml version="1.0"?>
<!DOCTYPE hibernate-mapping PUBLIC "-//Hibernate/Hibernate Mapping DTD 3.0//EN"
"http://hibernate.sourceforge.net/hibernate-mapping-3.0.dtd">
<!-- Generated Aug 8, 2016 12:32:02 PM by Hibernate Tools 3.4.0.CR1 -->
<hibernate-mapping package="com.rish.models">
    <class name="Account" abstract="true">
        <id name="accountNo" type="java.lang.Integer">
            <column name="ACCOUNTNO" />
            <generator class="assigned" />
        </id>
        <property name="accountHolder" type="java.lang.String">
            <column name="ACCOUNTHOLDER" />
        </property>
        <property name="dateOfOpening" type="java.util.Date">
            <column name="DATEOFOPENING" />
        </property>
        
        <!-- joined-subclass with table attribute -->
        <union-subclass name="SavingsAccount" table="SAVING_ACC" >
			<property name="minBalance" column="min"></property>
		</union-subclass>

		<union-subclass name="LoanAccount" table="LOAN_ACC">
			<property name="installment" column="emi"></property>
		</union-subclass>
    </class>
</hibernate-mapping>
