<?xml version="1.0" encoding="UTF-8"?>
<beans xmlns="http://www.springframework.org/schema/beans"
	xmlns:xsi="http://www.w3.org/2001/XMLSchema-instance" xmlns:context="http://www.springframework.org/schema/context"
	xmlns:tx="http://www.springframework.org/schema/tx"
	xsi:schemaLocation="http://www.springframework.org/schema/beans http://www.springframework.org/schema/beans/spring-beans.xsd
		http://www.springframework.org/schema/context http://www.springframework.org/schema/context/spring-context-3.2.xsd
		http://www.springframework.org/schema/tx http://www.springframework.org/schema/tx/spring-tx-3.2.xsd">

	<bean id="dataSource"
		class="org.springframework.jdbc.datasource.DriverManagerDataSource">
		<property name="driverClassName" value="com.mysql.jdbc.Driver" />
		<property name="url" value="jdbc:mysql://localhost:3306/ticketbooking" />
		<property name="username" value="root" />
		<property name="password" value="root" />
	</bean>



	<bean id="sessionFactory"
		class="org.springframework.orm.hibernate3.LocalSessionFactoryBean">
		<!-- When "hibernate.cfg.xml" inside either src or res folder [Source folder] -->
		<property name="configLocation" value="classpath:/hibernate.cfg.xml" />
		<property name="dataSource" ref="dataSource" />
	</bean>


	<bean id="template" class="org.springframework.orm.hibernate3.HibernateTemplate">
		<property name="sessionFactory" ref="sessionFactory" />
	</bean>

	<bean id="txManager"
		class="org.springframework.jdbc.datasource.DataSourceTransactionManager">
		<property name="dataSource" ref="dataSource" />
	</bean>

	<!-- For DAO's -->

	<bean id="theatreDAO" class="com.tushar.daos.TheatreDAO">
		<property name="template" ref="template" />
	</bean>


	<bean id="movieDAO" class="com.tushar.daos.MovieDAO">
		<property name="template" ref="template"></property>
	</bean>

	<bean id="seatDAO" class="com.tushar.daos.SeatsDAO">
		<property name="template" ref="template"></property>
	</bean>

	<bean id="showDAO" class="com.tushar.daos.ShowDAO">
		<property name="template" ref="template"></property>
	</bean>

	<bean id="rowDAO" class="com.tushar.daos.RowDAO">
		<property name="template" ref="template" />
	</bean>

	<bean id="columnDAO" class="com.tushar.daos.ColumnDAO">
		<property name="template" ref="template" />
	</bean>

	<bean id="customerDAO" class="com.tushar.daos.CustomerDAO">
		<property name="template" ref="template" />
	</bean>

	<bean id="ticketDAO" class="com.tushar.daos.TicketDAO">
		<property name="template" ref="template" />
	</bean>

	<bean id="multiplexDAO" class="com.tushar.daos.MultiplexDAO">
		<property name="template" ref="template" />
	</bean>

	<!-- Now For Services -->

	<bean id="theatreService" class="com.tushar.Service.TheatreService">
		<property name="theatreDAO" ref="theatreDAO" />
		<property name="multiplexDAO" ref="multiplexDAO" />
		<property name="txManager" ref="txManager" />
	</bean>

	<bean id="adminLoginService" class="com.tushar.Service.AdminLoginService" />

	<bean id="movieService" class="com.tushar.Service.MovieService">
		<property name="movieDAO" ref="movieDAO" />
		<property name="theatreDAO" ref="theatreDAO" />
		<property name="showDAO" ref="showDAO" />
		<property name="multiplexDAO" ref="multiplexDAO" />
		<property name="columnDAO" ref="columnDAO" />
		<property name="txManager" ref="txManager" />
	</bean>

	<bean id="showService" class="com.tushar.Service.ShowService">
		<property name="showDAO" ref="showDAO" />
		<property name="movieDAO" ref="movieDAO" />
		<property name="seatDAO" ref="seatDAO" />
		<property name="theatreDAO" ref="theatreDAO" />
		<property name="columnDAO" ref="columnDAO" />
		<property name="multiplexDAO" ref="multiplexDAO" />
		<property name="txManager" ref="txManager" />
	</bean>

	<bean id="seatService" class="com.tushar.Service.SeatService">
		<property name="seatsDAO" ref="seatDAO" />
		<property name="theatreDAO" ref="theatreDAO" />
		<property name="multiplexDAO" ref="multiplexDAO" />
		<property name="txManager" ref="txManager" />
	</bean>

	<bean id="rowService" class="com.tushar.Service.RowService">
		<property name="rowDAO" ref="rowDAO" />
		<property name="seatDAO" ref="seatDAO" />
		<property name="txManager" ref="txManager" />
	</bean>

	<bean id="columnService" class="com.tushar.Service.ColumnService">
		<property name="columnDAO" ref="columnDAO" />
		<property name="rowDAO" ref="rowDAO" />
		<property name="txManager" ref="txManager" />
	</bean>

	<bean id="customerService" class="com.tushar.Service.CustomerService">
		<property name="customerDAO" ref="customerDAO" />
		<property name="movieDAO" ref="movieDAO" />
		<property name="showDAO" ref="showDAO" />
		<property name="theatreDAO" ref="theatreDAO" />
		<property name="seatsDAO" ref="seatDAO" />
		<property name="rowDAO" ref="rowDAO" />
		<property name="columnDAO" ref="columnDAO" />
		<property name="ticketDAO" ref="ticketDAO" />
		<property name="multiplexDAO" ref="multiplexDAO" />
		<property name="txManager" ref="txManager" />
	</bean>

</beans>
