<?xml version="1.0" encoding="UTF-8"?>
<beans xmlns="http://www.springframework.org/schema/beans"
	xmlns:xsi="http://www.w3.org/2001/XMLSchema-instance"
	xmlns:context="http://www.springframework.org/schema/context"
	xsi:schemaLocation="http://www.springframework.org/schema/beans http://www.springframework.org/schema/beans/spring-beans.xsd
		http://www.springframework.org/schema/context http://www.springframework.org/schema/context/spring-context-3.2.xsd">
	<bean
  		class="org.springframework.web.servlet.mvc.support.ControllerClassNameHandlerMapping" />
  		
  	<bean id="resolver" 
		class="org.springframework.web.servlet.view.InternalResourceViewResolver">
		<property name="viewClass" value="org.springframework.web.servlet.view.JstlView" />
		<property name="prefix" value="/WEB-INF/views/" />
		<property name="suffix" value=".jsp" />	
	</bean>
  		
  	<bean class="com.tushar.controller.TheatreController">
  		<property name="theatreService" ref="theatreService"/>
  	</bean>
  	
  	<bean class="com.tushar.controller.AdminLoginController">
  		<property name="customerService" ref="customerService"/>
  	</bean>
  	
  	<bean class="com.tushar.controller.MovieController">
  		<property name="movieService" ref="movieService"/>
  	</bean>
  	
  	<bean class="com.tushar.controller.ShowsController">
  		<property name="showService" ref="showService"/>
  		<property name="columnService" ref="columnService"/>
  	</bean>
  	
  	<bean class="com.tushar.controller.SeatController">
  		<property name="seatService" ref="seatService"/>
  		<property name="rowService" ref="rowService"/>
  	</bean>
  	
  	<bean class="com.tushar.controller.CustomerController">
  		<property name="customerService" ref="customerService"/>
  	</bean>
  	
  	
  	<bean class="com.tushar.controller.LoginController">
  		<property name="customerService" ref="customerService"/>
  		<property name="adminLoginService" ref="adminLoginService"/>
  	</bean>

</beans>
