<?xml version="1.0"?>
<!DOCTYPE hibernate-mapping PUBLIC "-//Hibernate/Hibernate Mapping DTD 3.0//EN"
"http://hibernate.sourceforge.net/hibernate-mapping-3.0.dtd">
<!-- Generated Aug 9, 2016 12:16:39 PM by Hibernate Tools 3.4.0.CR1 -->
<hibernate-mapping>
    <class name="com.sayali.model.Customer" table="CUSTOMER">
        <id name="cid" type="java.lang.Integer">
            <column name="CID" />
            <generator class="assigned" />
        </id>
        <property name="zip" type="java.lang.Integer">
            <column name="ZIP" />
        </property>
        <property name="mobno" type="java.lang.Integer">
            <column name="MOBNO" />
        </property>
        <property name="cname" type="java.lang.String">
            <column name="CNAME" />
        </property>
        <property name="address" type="java.lang.String">
            <column name="ADDRESS" />
        </property>
        <property name="city" type="java.lang.String">
            <column name="CITY" />
        </property>
        <property name="state" type="java.lang.String">
            <column name="STATE" />
        </property>
        <property name="country" type="java.lang.String">
            <column name="COUNTRY" />
        </property>
        <property name="email" type="java.lang.String">
            <column name="EMAIL" />
        </property>
        <property name="username" type="java.lang.String">
            <column name="USERNAME" />
        </property>
        <property name="password" type="java.lang.String">
            <column name="PASSWORD" />
        </property>
    </class>
</hibernate-mapping>
