<?xml version="1.0"?>
<!DOCTYPE hibernate-mapping PUBLIC "-//Hibernate/Hibernate Mapping DTD 3.0//EN"
"http://hibernate.sourceforge.net/hibernate-mapping-3.0.dtd">
<!-- Generated Aug 9, 2016 2:44:44 PM by Hibernate Tools 3.4.0.CR1 -->
<hibernate-mapping>
    <class name="com.sayali.model.ItemDetails" table="ITEMS">
        <id name="iid" type="int">
            <column name="IID" />
            <generator class="assigned" />
        </id>
        <property name="quantityavail" type="int">
            <column name="QUANTITYAVAIL" />
        </property>
        <property name="price" type="double">
            <column name="PRICE" />
        </property>
        <property name="name" type="java.lang.String">
            <column name="INAME" />
        </property>
        <property name="category" type="java.lang.String">
            <column name="CATEGORY" />
        </property>
        <property name="brand" type="java.lang.String">
            <column name="BRAND" />
        </property>
        <property name="size" type="java.lang.String">
            <column name="SIZE" />
        </property>
        <property name="colour" type="java.lang.String">
            <column name="COLOUR" />
        </property>
        <property name="desc" type="java.lang.String">
            <column name="DESCRIPTION" />
        </property>
    </class>
</hibernate-mapping>
