<?xml version="1.0"?>
<!DOCTYPE hibernate-mapping PUBLIC "-//Hibernate/Hibernate Mapping DTD 3.0//EN"
"http://hibernate.sourceforge.net/hibernate-mapping-3.0.dtd">
<!-- Generated Aug 9, 2016 5:45:44 PM by Hibernate Tools 3.4.0.CR1 -->
<hibernate-mapping>
    <class name="com.sayali.model.OrderedItems" table="ORDEREDITEMS">
        <id name="cid" type="int">
            <column name="CID" />
            <generator class="assigned" />
        </id>
        <property name="iid" type="int">
            <column name="IID" />
        </property>
        <property name="quantity" type="int">
            <column name="QUANTITY" />
        </property>
        <property name="price" type="double">
            <column name="PRICE" />
        </property>
    </class>
</hibernate-mapping>
